Date,PM2.5,PM10,NO,NO2,NOx,NH3,SO2,CO,Ozone,Benzene,Toluene,MP-Xylene,RH,WS,WD,SR,BP,VWS,AT,Xylene
2023-01-01,160.84,301.35,198.75,95.49,214.98,37.98,14.41,2.42,13.36,8.35,35.45,8.2,76.37,0.72,188.82,54.36,974.24,0.38,16.09,7.4
2023-01-02,245.8,389.87,76.64,74.26,102.0,36.2,14.57,1.96,11.17,8.88,36.21,8.2,83.42,1.13,95.59,52.22,974.69,0.19,15.37,5.98
2023-01-03,270.96,417.47,95.24,72.6,116.27,31.84,13.35,2.05,9.94,8.5,29.17,8.2,77.97,0.88,171.54,51.97,974.53,0.24,14.64,4.99
2023-01-04,247.57,385.91,137.07,76.88,152.67,29.7,16.11,2.31,9.73,8.51,29.93,8.2,82.23,0.92,192.3,53.15,974.56,0.19,13.49,6.17
2023-01-05,321.72,509.01,158.5,95.91,180.23,40.62,19.17,2.37,9.18,10.78,55.36,8.2,84.88,0.79,173.65,51.69,974.67,0.34,13.28,10.71
2023-01-06,350.16,543.61,169.95,139.61,212.8,35.01,15.93,2.27,9.41,11.2,41.31,8.2,82.71,1.02,128.54,53.23,974.58,0.61,13.12,6.53
2023-01-07,319.39,456.0,184.69,113.19,210.77,26.04,15.54,2.29,9.34,10.93,48.85,8.2,80.97,0.86,196.61,57.45,974.44,0.62,13.17,9.28
2023-01-08,344.51,521.46,205.38,98.5,222.49,44.21,16.56,2.72,9.68,10.81,48.29,8.2,83.32,0.71,164.69,52.29,974.55,0.59,11.65,10.64
2023-01-09,494.15,685.09,172.58,102.5,195.21,53.57,16.52,2.58,10.83,14.97,79.53,8.2,87.64,0.79,71.5,48.92,974.78,0.42,10.91,19.6
2023-01-10,295.65,455.45,172.01,93.86,191.66,55.38,13.63,2.18,8.92,11.66,72.07,8.2,84.16,0.82,197.2,51.61,974.57,0.28,11.58,14.81
2023-01-11,208.49,321.88,63.91,79.2,94.23,56.11,11.02,1.92,10.01,8.68,47.83,8.2,84.07,1.71,129.39,52.97,974.75,0.38,11.46,5.11
2023-01-12,219.76,337.08,31.16,73.9,64.7,54.51,14.85,2.05,12.04,9.04,48.56,8.2,81.61,2.03,72.7,52.48,974.61,0.57,12.82,3.51
2023-01-13,225.83,335.02,75.65,86.13,103.11,52.52,13.97,2.24,13.45,9.71,47.39,8.2,81.22,1.79,112.26,52.36,974.49,0.45,13.63,3.68
2023-01-14,190.25,324.56,120.19,77.9,139.46,39.39,16.26,1.88,11.66,7.76,16.37,8.2,74.28,1.77,252.48,52.68,974.02,0.75,12.71,3.36
2023-01-15,134.86,341.29,174.44,104.36,194.53,33.44,16.79,2.09,11.8,5.74,18.56,8.2,57.49,1.41,244.12,55.38,973.06,0.78,11.4,4.14
2023-01-16,216.69,503.8,224.18,112.33,241.89,32.16,18.37,2.4,11.24,8.34,36.48,8.2,64.01,0.93,220.14,55.59,973.31,0.76,11.31,6.42
2023-01-17,228.82,447.0,169.34,93.29,182.25,20.13,13.61,2.19,11.6,7.22,41.86,8.2,60.77,0.97,225.97,55.09,973.11,0.74,11.35,9.37
2023-01-18,303.85,578.25,241.95,113.27,265.98,33.33,66.15,2.16,11.77,6.77,75.27,8.2,63.04,0.83,217.71,55.08,973.31,0.68,11.4,17.48
2023-01-19,268.0,535.44,179.6,122.07,210.47,40.61,25.08,2.3,13.1,9.41,82.66,8.2,57.41,0.78,168.38,52.75,973.01,0.66,13.66,13.64
2023-01-20,109.19,229.7,58.83,56.42,77.97,41.92,25.63,1.54,13.75,4.9,17.61,8.2,65.54,1.4,147.69,54.44,973.38,0.6,14.22,2.74
2023-01-21,237.3,417.81,108.57,78.59,130.32,34.33,26.18,2.2,16.79,7.71,57.06,8.2,73.63,0.89,87.03,54.32,973.76,0.57,13.56,6.28
2023-01-22,296.48,488.76,136.47,91.06,169.82,42.93,26.73,2.26,15.78,11.08,46.03,8.2,74.28,0.9,113.98,54.11,973.76,0.5,13.84,5.68
2023-01-23,190.96,403.57,98.42,79.5,125.84,40.28,27.28,2.0,14.64,8.29,52.0,8.2,69.17,1.01,104.35,54.86,973.37,0.31,14.57,3.03
2023-01-24,83.09,187.65,28.29,50.39,49.85,35.28,22.77,1.54,14.93,5.46,32.49,8.2,74.46,2.46,84.55,53.42,973.92,0.01,14.95,3.87
2023-01-25,132.92,255.18,113.03,70.99,129.9,33.68,22.45,2.17,11.94,8.61,49.74,8.2,80.35,1.01,175.28,55.77,974.3,0.0,14.71,4.67
2023-01-26,168.56,261.41,70.3,43.81,80.58,38.97,24.14,1.91,12.47,6.41,19.86,8.2,83.74,1.39,232.07,51.79,974.95,0.08,13.33,2.15
2023-01-27,111.47,228.46,110.79,72.55,128.92,22.08,22.65,1.8,15.28,5.79,17.77,8.2,62.55,1.73,246.62,57.6,975.23,0.69,12.99,1.91
2023-01-28,139.22,316.27,172.97,103.06,196.19,30.86,23.81,2.3,14.51,8.08,40.05,8.2,62.82,1.26,234.94,56.91,975.19,0.62,13.52,5.25
2023-01-29,288.66,464.38,145.31,84.98,190.18,38.32,22.91,2.12,20.5,10.02,143.29,8.2,87.67,1.19,146.65,41.75,975.88,0.51,12.39,11.85
2023-01-30,92.71,171.15,77.95,63.91,113.46,35.92,24.06,1.83,16.05,6.53,85.06,8.2,86.22,1.26,84.47,54.49,975.35,0.23,13.45,7.22
2023-01-31,108.89,268.24,150.02,59.68,151.06,33.64,22.81,1.85,13.13,3.04,26.83,8.2,81.78,1.44,181.26,56.52,974.14,0.09,12.5,2.58
2023-02-01,95.94,305.44,114.07,66.81,128.54,32.65,18.33,1.9,13.93,4.3,18.89,4.63,67.71,1.98,260.92,58.47,973.26,0.07,16.16,2.98
2023-02-02,101.88,358.65,123.14,77.52,141.64,25.08,2.94,1.83,14.11,5.02,21.86,4.63,63.23,1.71,251.14,57.18,973.04,0.35,16.6,3.0
2023-02-03,138.91,475.41,146.13,79.84,161.63,30.11,4.59,2.33,14.46,7.19,38.97,4.63,65.89,1.04,239.85,57.89,973.34,0.48,15.59,7.0
2023-02-04,150.39,564.68,245.32,119.82,269.19,29.79,9.63,2.24,12.25,6.73,63.89,4.63,66.51,1.29,232.03,56.9,973.34,0.49,16.88,8.91
2023-02-05,121.8,390.74,168.18,107.76,195.59,26.85,16.92,1.63,9.49,6.82,55.05,4.63,64.92,1.18,233.09,57.63,973.02,0.55,17.38,6.85
2023-02-06,182.6,498.11,101.52,88.13,133.59,39.19,18.21,2.42,17.54,7.53,162.93,4.63,71.62,1.15,122.3,57.11,973.85,0.63,17.67,14.36
2023-02-07,158.77,462.09,175.8,72.42,181.87,42.77,14.21,1.78,9.03,7.84,81.14,4.63,67.03,1.39,195.41,56.95,973.38,0.63,18.15,9.2
2023-02-08,85.46,424.01,147.97,79.02,162.69,27.0,12.74,1.96,10.54,5.32,33.1,4.63,57.68,1.38,234.5,57.79,972.65,0.5,17.46,4.88
2023-02-09,101.28,334.1,107.19,74.07,126.79,28.67,14.32,1.68,12.33,5.76,44.78,4.63,61.01,1.42,147.86,58.11,972.91,0.49,18.3,7.23
2023-02-10,96.73,237.91,33.03,60.91,58.72,29.37,14.78,1.73,18.85,4.66,44.91,4.63,63.74,1.82,63.52,58.23,973.07,0.41,19.03,4.95
2023-02-11,153.22,459.78,126.7,80.9,146.34,35.58,15.65,1.8,13.01,7.58,89.48,4.63,69.3,1.32,101.03,58.17,973.48,0.59,19.1,6.56
2023-02-12,55.48,269.05,81.46,49.33,92.57,17.09,14.73,1.5,15.09,3.08,18.72,4.63,50.09,2.08,162.01,60.07,972.27,0.55,17.32,2.29
2023-02-13,47.72,238.52,59.76,48.33,74.42,14.13,14.03,1.57,16.01,2.66,10.34,4.63,45.3,2.95,180.41,61.16,971.95,0.53,16.56,1.67
2023-02-14,82.8,236.67,87.3,63.87,105.13,13.58,16.59,1.82,13.57,5.59,28.53,4.63,46.83,1.77,222.37,59.45,972.06,0.46,17.68,3.15
2023-02-15,105.84,291.04,122.52,78.88,141.87,19.24,16.78,1.94,10.55,6.46,29.3,4.63,54.2,1.73,184.75,60.19,972.48,0.47,18.4,3.17
2023-02-16,216.94,481.53,140.43,113.91,174.83,23.87,24.6,2.54,12.38,6.67,29.58,4.63,68.65,0.88,75.05,57.15,973.52,0.34,18.43,3.15
2023-02-17,290.76,545.35,172.78,102.66,207.21,44.98,22.64,2.18,35.46,6.89,29.86,4.63,70.49,0.77,16.86,58.55,973.7,0.18,18.95,3.13
2023-02-18,260.26,520.81,194.87,130.97,230.65,49.56,24.68,2.24,17.17,7.1,30.14,4.63,69.63,0.61,21.67,58.07,973.63,0.0,19.11,3.12
2023-02-19,208.53,396.16,149.74,101.23,173.46,52.32,23.79,1.77,23.01,7.31,30.43,4.63,71.5,0.81,45.08,58.01,973.72,0.37,19.39,3.1
2023-02-20,175.42,359.79,131.29,98.93,169.84,51.86,24.26,1.7,21.52,7.53,30.71,4.63,65.91,0.99,64.39,58.59,973.39,0.57,20.5,3.08
2023-02-21,128.46,276.58,71.21,97.63,109.99,46.87,25.05,1.58,14.8,3.29,28.53,4.63,63.05,1.31,154.78,57.68,973.22,0.38,20.72,3.16
2023-02-22,162.45,321.08,115.76,104.71,151.97,43.24,25.41,1.81,12.3,3.29,28.53,4.63,67.46,0.71,194.76,58.29,973.44,0.45,19.71,3.16
2023-02-23,83.48,239.58,170.23,92.07,187.76,33.55,25.94,1.52,12.64,3.29,28.53,4.63,58.15,1.36,226.0,59.72,972.9,0.37,19.57,3.16
2023-02-24,83.12,242.78,150.18,100.39,178.25,27.21,27.17,1.58,14.95,3.29,28.53,4.63,55.73,1.03,224.67,59.65,972.8,0.33,19.81,3.16
2023-02-25,133.0,340.66,185.62,110.79,216.55,32.24,26.57,1.83,18.04,3.29,28.53,4.63,61.77,0.73,141.65,58.69,973.14,0.34,19.78,3.16
2023-02-26,167.71,426.49,130.75,108.47,175.48,40.49,26.31,1.74,25.44,3.29,28.53,4.63,60.01,0.79,82.11,58.09,973.0,0.2,20.26,3.16
2023-02-27,157.01,342.68,135.72,104.59,172.4,42.41,25.53,1.7,17.43,3.29,28.53,4.63,59.43,0.76,137.78,57.2,973.1,0.39,20.53,3.16
2023-02-28,117.72,291.91,42.81,99.7,87.97,37.9,28.99,1.85,16.33,3.29,28.53,4.63,58.81,0.97,112.89,57.77,973.0,0.33,20.26,3.16
2023-03-01,96.2,315.76,182.77,91.67,204.81,39.17,29.77,1.7,16.3,1.99,19.1,2.2,55.42,1.28,68.78,55.68,972.7,0.44,20.01,2.7
2023-03-02,106.63,306.77,121.97,94.39,149.64,44.17,23.4,1.48,16.65,1.99,19.1,2.2,57.78,0.87,179.62,58.47,972.85,0.32,20.66,2.7
2023-03-03,69.29,206.89,107.94,72.61,126.62,34.91,28.43,1.46,17.13,1.99,19.1,2.2,55.82,1.36,244.44,59.78,972.79,0.32,21.29,2.7
2023-03-04,57.57,270.28,93.86,71.28,114.45,27.39,27.68,1.42,17.92,1.99,19.1,2.2,56.25,1.51,231.36,58.11,972.69,0.5,20.55,2.7
2023-03-05,69.78,229.55,92.37,68.56,111.78,27.23,26.94,1.49,19.05,1.99,19.1,2.2,56.5,1.56,234.07,60.63,972.76,0.86,21.26,2.7
2023-03-06,70.99,235.82,105.23,77.49,126.95,26.76,26.2,1.51,21.64,1.99,19.1,2.2,56.58,1.27,240.44,61.28,972.77,0.74,20.9,2.7
2023-03-07,103.33,289.16,153.28,98.34,174.93,30.81,25.45,1.65,20.15,1.99,19.1,2.2,55.48,0.93,187.12,60.77,972.81,0.61,21.08,2.7
2023-03-08,162.65,341.97,105.67,68.72,128.85,35.82,24.7,1.62,28.07,1.99,19.1,2.2,57.23,1.05,149.79,61.33,972.83,0.59,20.9,2.7
2023-03-09,63.07,183.96,88.67,72.7,110.94,31.41,23.96,1.6,22.31,1.99,19.1,2.2,54.44,1.03,202.66,58.79,972.61,0.52,21.62,2.7
2023-03-10,108.35,271.76,140.94,85.36,160.31,32.1,23.22,1.77,19.97,1.99,19.1,2.2,60.88,1.06,259.61,61.01,973.02,1.11,21.12,2.7
2023-03-11,131.05,320.39,175.5,88.73,189.98,24.68,22.47,2.01,18.46,1.99,19.1,2.2,57.28,0.94,161.78,60.8,973.12,0.46,21.27,2.7
2023-03-12,127.67,394.11,124.8,88.94,155.77,32.99,21.72,2.06,24.36,1.99,19.1,2.2,53.52,0.98,84.26,59.94,972.82,0.0,21.72,2.7
2023-03-13,129.27,362.07,158.99,99.14,192.74,38.76,20.98,2.02,21.15,1.99,19.1,2.2,55.88,0.91,148.8,59.99,972.88,0.0,22.1,2.7
2023-03-14,110.34,334.09,153.9,96.76,182.71,38.85,24.33,2.17,20.25,1.99,19.1,2.2,57.98,1.25,203.18,60.22,972.93,0.0,22.18,2.7
2023-03-15,165.39,481.26,155.2,106.7,194.73,37.38,32.79,1.58,54.89,1.99,19.1,2.2,57.84,1.0,120.3,59.33,972.97,0.0,22.04,2.7
2023-03-16,120.38,321.86,75.1,72.33,99.69,31.55,23.29,1.14,38.85,1.99,19.1,2.2,49.61,1.53,89.57,58.22,972.55,0.0,22.31,2.7
2023-03-17,105.02,274.04,48.1,69.57,76.22,35.48,27.21,1.71,27.83,1.99,19.1,2.2,54.64,1.51,111.61,58.73,972.59,0.0,21.06,2.7
2023-03-18,67.09,127.72,35.07,59.92,60.46,40.48,23.79,1.64,21.56,1.99,19.1,2.2,77.36,1.91,74.35,44.34,974.21,0.02,18.08,2.7
2023-03-19,108.66,258.77,100.52,70.38,119.38,39.09,28.26,2.38,33.57,1.99,19.1,2.2,75.0,0.85,79.36,59.29,974.03,0.18,19.06,2.7
2023-03-20,114.41,285.22,59.17,57.02,78.57,28.2,27.49,2.54,29.82,1.99,19.1,2.2,76.87,1.72,109.92,60.27,974.04,0.16,18.98,2.7
2023-03-21,70.07,164.13,61.42,53.83,78.69,27.15,26.56,1.89,24.67,1.99,19.1,2.2,77.27,1.08,98.6,62.82,974.27,0.78,18.15,2.7
2023-03-22,99.13,263.04,109.65,76.65,130.16,26.81,26.57,2.4,30.31,1.99,19.1,2.2,71.12,0.98,111.32,63.83,973.74,0.72,19.44,2.7
2023-03-23,122.58,282.02,141.19,75.12,155.66,28.2,27.5,2.72,18.16,1.99,19.1,2.2,63.14,1.01,199.11,64.26,973.24,0.81,20.57,2.7
2023-03-24,127.64,247.79,79.33,66.25,99.91,34.74,28.64,2.89,22.9,1.99,19.1,2.2,69.47,1.75,138.3,60.01,973.64,0.83,19.82,2.7
2023-03-25,52.56,148.41,70.54,53.24,89.36,31.25,28.23,2.37,21.8,1.99,19.1,2.2,68.11,2.28,101.86,65.38,973.58,0.77,20.24,2.7
2023-03-26,103.06,226.5,74.06,71.6,98.49,28.75,28.98,2.78,18.97,1.99,19.1,2.2,56.48,1.51,174.58,65.11,972.84,0.76,21.1,2.7
2023-03-27,82.32,169.56,90.07,72.62,112.04,26.84,21.68,3.1,19.66,1.99,19.1,2.2,58.19,1.36,204.08,64.88,972.86,0.75,20.69,2.7
2023-03-28,81.77,205.04,112.29,86.56,141.02,28.0,16.96,3.35,19.64,1.99,19.1,2.2,54.65,1.12,143.5,64.49,972.63,0.93,21.2,2.7
2023-03-29,124.08,291.97,94.06,94.26,130.11,28.33,19.18,3.61,26.57,1.99,19.1,2.2,53.59,1.24,101.45,62.78,972.59,0.96,21.71,2.7
2023-03-30,105.12,263.57,75.54,69.63,102.3,36.41,13.27,3.71,29.64,1.99,19.1,2.2,62.13,1.63,146.97,55.3,973.2,0.01,20.81,2.7
2023-03-31,43.25,83.52,42.91,52.84,63.08,32.77,16.8,3.71,22.83,1.99,19.1,2.2,74.36,1.31,104.84,62.64,974.05,0.29,18.79,2.7
2023-04-01,54.49,136.02,52.74,58.68,74.2,26.19,17.56,3.79,25.09,1.72,16.48,0.81,69.67,1.52,105.86,63.33,973.68,0.45,19.3,2.7
2023-04-02,93.9,261.56,119.9,76.24,151.9,24.58,18.79,4.18,26.24,1.72,16.48,0.81,63.84,1.3,188.67,65.28,973.28,0.43,20.66,2.7
2023-04-03,143.61,315.72,106.79,75.36,127.13,34.5,13.74,4.1,25.14,1.72,16.48,0.81,60.77,1.34,149.98,64.5,973.07,0.45,21.48,2.7
2023-04-04,74.83,201.82,84.53,66.66,104.38,29.9,18.23,4.26,19.1,1.72,16.48,0.81,58.81,1.59,159.31,63.89,972.95,0.31,21.18,2.7
2023-04-05,72.72,196.09,95.19,80.07,120.96,23.26,24.51,4.34,19.29,1.72,16.48,0.81,49.7,1.24,200.1,66.18,972.43,0.46,21.87,2.7
2023-04-06,48.17,145.07,95.46,69.0,114.53,22.58,16.97,4.4,20.08,1.72,16.48,0.81,45.01,1.59,208.55,65.44,972.13,0.25,22.32,2.7
2023-04-07,52.99,154.08,94.32,70.7,116.91,19.42,20.65,4.28,22.07,1.72,16.48,0.81,42.68,1.39,203.73,65.86,972.09,0.36,22.77,2.7
2023-04-08,81.17,201.4,128.49,92.25,153.09,20.71,18.73,4.39,21.78,1.72,16.48,0.81,39.95,1.15,185.55,65.4,972.05,0.36,22.85,2.7
2023-04-09,152.08,324.38,199.19,102.34,220.95,28.28,20.09,3.84,21.53,1.72,16.48,0.81,43.52,1.0,154.24,65.01,972.48,0.36,22.74,2.7
2023-04-10,136.82,340.55,159.93,109.38,183.81,30.4,17.69,3.28,21.53,1.72,16.48,0.81,42.2,1.04,236.78,64.8,972.42,0.23,22.96,2.7
2023-04-11,160.29,330.46,210.51,105.61,238.43,33.49,22.11,2.64,20.02,1.72,16.48,0.81,42.58,1.25,239.61,64.27,972.55,0.23,23.8,2.7
2023-04-12,100.88,257.26,145.12,84.75,172.75,28.64,22.88,2.58,19.61,1.72,16.48,0.81,41.14,1.54,241.31,64.72,972.69,0.35,24.41,2.7
2023-04-13,109.05,285.95,157.67,93.45,192.71,28.54,19.24,3.1,19.61,1.72,16.48,0.81,40.38,1.12,233.19,65.14,972.26,0.31,24.87,2.7
2023-04-14,119.7,277.36,195.0,112.75,221.12,33.56,16.01,2.85,14.23,1.72,16.48,0.81,39.43,0.98,196.82,64.39,972.29,0.1,25.0,2.7
2023-04-15,147.02,342.54,198.35,142.66,229.58,42.38,23.23,2.81,23.54,1.72,16.48,0.81,38.62,0.84,137.7,63.66,972.28,0.0,28.07,2.7
2023-04-16,121.62,355.76,176.6,117.85,214.21,45.49,32.49,2.34,22.61,1.72,16.48,0.81,40.09,1.04,154.23,62.95,972.36,0.0,34.69,2.7
2023-04-17,131.76,383.03,142.95,102.72,183.09,49.64,31.49,1.95,33.7,1.72,16.48,0.81,41.02,0.89,103.32,64.24,972.24,0.1,35.18,2.7
2023-04-18,121.32,390.3,165.93,153.39,198.19,48.54,10.96,1.57,26.63,1.72,16.48,0.81,42.78,1.11,175.43,63.31,972.17,0.23,35.51,2.7
2023-04-19,75.69,271.79,96.4,102.12,132.92,52.0,3.23,1.83,19.01,1.72,16.48,0.81,43.81,2.0,153.26,67.28,972.35,0.34,34.17,2.7
2023-04-20,54.51,149.35,121.47,111.53,160.97,46.14,3.13,2.15,11.98,1.72,16.48,0.81,45.59,1.47,179.66,63.56,972.23,0.35,33.04,2.7
2023-04-21,48.26,200.0,42.95,86.15,80.91,33.69,10.47,1.86,19.54,1.72,16.48,0.81,44.73,2.28,122.0,61.84,972.16,0.21,32.29,2.7
2023-04-22,51.55,180.73,28.03,72.31,61.31,27.19,21.0,0.78,37.74,1.72,16.48,0.81,38.5,2.11,113.57,66.49,972.0,0.27,33.04,2.7
2023-04-23,31.83,157.22,74.89,72.18,98.77,21.31,19.54,0.56,31.94,1.72,16.48,0.81,39.26,1.9,200.55,65.14,972.47,0.17,31.08,2.7
2023-04-24,74.71,241.03,77.94,84.32,108.4,29.01,21.97,0.78,35.87,1.72,16.48,0.81,43.75,1.84,125.57,67.23,972.0,0.0,30.86,2.7
2023-04-25,66.25,182.97,46.28,78.11,79.27,30.43,21.86,0.98,45.37,1.72,16.48,0.81,46.01,1.84,81.92,67.14,972.11,0.0,31.31,2.7
2023-04-26,105.61,279.1,89.65,117.34,134.72,38.14,21.5,1.8,40.04,1.72,16.48,0.81,44.7,1.0,79.01,65.4,972.1,0.0,32.73,2.7
2023-04-27,98.53,300.6,82.6,103.81,129.53,41.72,22.1,1.63,41.01,1.72,16.48,0.81,43.71,1.69,121.04,63.27,972.04,0.01,33.04,2.7
2023-04-28,83.55,225.89,78.09,121.57,128.33,43.9,25.19,2.15,35.84,1.72,16.48,0.81,48.33,1.11,99.18,65.16,972.2,0.08,31.75,2.7
2023-04-29,81.5,246.23,139.54,121.41,181.46,46.15,20.78,2.68,15.52,1.72,16.48,0.81,49.55,1.25,184.48,63.3,972.18,0.46,31.73,2.7
2023-04-30,53.71,119.67,40.02,88.28,79.57,45.2,20.97,3.12,25.06,1.72,16.48,0.81,64.21,1.87,96.78,60.97,973.23,0.23,28.76,2.7
2023-05-01,47.97,73.25,18.61,58.88,46.49,49.18,18.36,3.07,16.36,1.52,19.79,1.02,83.4,2.03,71.38,54.74,974.71,0.16,26.47,2.7
2023-05-02,45.39,92.94,20.35,56.95,46.91,44.0,16.7,2.41,15.35,1.52,19.79,1.02,78.92,2.1,61.86,64.82,974.32,0.61,27.5,2.7
2023-05-03,58.47,109.53,51.6,61.47,74.77,38.54,17.59,1.94,16.8,1.52,19.79,1.02,79.35,1.64,83.21,54.71,974.3,0.32,27.79,2.7
2023-05-04,84.83,180.65,64.99,93.07,102.5,38.4,21.94,2.17,34.5,1.52,19.79,1.02,69.69,1.16,90.23,69.42,973.82,0.41,29.39,2.7
2023-05-05,98.09,275.24,157.43,140.05,197.67,42.67,20.83,2.65,16.11,1.52,19.79,1.02,60.62,0.99,176.43,68.52,973.22,0.66,31.54,2.7
2023-05-06,142.22,396.29,201.94,140.17,238.95,44.48,22.46,3.11,10.35,1.52,19.79,1.02,52.55,1.19,227.96,67.91,972.66,0.7,32.11,2.7
2023-05-07,77.45,249.88,94.38,120.51,141.23,49.13,17.31,2.92,15.78,1.52,19.79,1.02,50.43,1.41,155.66,67.05,972.54,0.73,32.88,2.7
2023-05-08,62.24,169.09,56.6,101.77,99.85,52.9,20.39,3.36,33.49,1.52,19.79,1.02,51.92,1.97,77.41,67.09,972.8,0.56,32.92,2.7
2023-05-09,113.42,333.6,160.66,149.4,211.51,47.49,27.5,2.91,28.62,1.52,19.79,1.02,44.9,1.17,188.41,67.62,972.52,0.96,33.58,2.7
2023-05-10,97.26,253.81,147.44,155.84,191.18,37.91,26.04,2.48,22.72,1.52,19.79,1.02,36.58,1.27,246.67,69.02,972.36,0.66,33.61,2.7
2023-05-11,174.09,447.71,198.3,203.71,258.17,46.65,31.87,2.8,19.7,1.52,19.79,1.02,41.52,0.83,221.18,64.14,972.48,0.56,33.82,2.7
2023-05-12,125.03,368.17,150.86,202.93,222.43,53.83,25.55,3.47,30.35,1.52,19.79,1.02,40.0,1.07,154.06,66.16,972.34,0.36,35.39,2.7
2023-05-13,138.11,322.92,85.4,163.61,136.24,57.21,28.51,2.75,40.26,1.52,19.79,1.02,40.99,1.35,85.59,66.52,972.33,0.37,35.53,2.7
2023-05-14,129.17,333.65,149.29,154.68,203.26,60.56,33.09,2.96,28.88,1.52,19.79,1.02,41.42,1.63,135.99,67.31,972.05,0.4,35.75,2.7
2023-05-15,41.91,188.58,80.52,123.74,131.52,37.98,23.74,1.7,19.31,1.52,19.79,1.02,38.58,1.88,219.25,66.62,971.94,0.29,36.25,2.7
2023-05-16,177.97,521.36,128.88,103.49,159.13,37.81,26.01,1.96,16.19,1.52,19.79,1.02,40.66,1.96,228.85,67.23,972.08,0.41,35.43,2.7
2023-05-17,100.98,337.59,113.42,120.39,159.81,43.5,24.19,1.23,13.2,1.52,19.79,1.02,42.01,1.41,181.88,59.98,972.05,0.3,35.54,2.7
2023-05-18,48.4,174.8,38.95,86.53,77.78,49.45,18.81,1.85,22.41,1.52,19.79,1.02,55.1,2.39,177.59,68.3,972.67,0.22,32.79,2.7
2023-05-19,90.18,231.77,105.98,128.48,154.7,44.87,26.61,2.51,22.78,1.52,19.79,1.02,45.01,1.51,248.65,69.09,972.29,0.26,34.67,2.7
2023-05-20,105.51,265.19,120.74,163.25,180.24,41.34,34.74,2.61,20.12,1.52,19.79,1.02,41.94,1.26,226.75,68.86,972.12,0.24,35.52,2.7
2023-05-21,117.61,331.13,85.16,193.9,169.0,53.91,19.97,1.09,28.22,1.52,19.79,1.02,40.91,0.95,168.74,66.72,972.12,0.22,36.81,2.7
2023-05-22,89.34,318.48,174.5,144.16,220.35,55.57,36.15,1.04,14.15,1.52,19.79,1.02,37.89,1.71,224.56,66.58,971.96,0.25,37.63,2.7
2023-05-23,59.95,277.42,180.76,111.75,206.86,50.88,23.08,0.95,14.8,1.52,19.79,1.02,37.07,2.27,227.45,66.09,971.88,0.22,37.86,2.7
2023-05-24,24.74,138.19,57.21,106.96,103.53,42.74,16.23,0.86,11.53,1.52,19.79,1.02,51.79,2.53,121.0,66.59,972.43,0.21,32.7,2.7
2023-05-25,27.64,168.05,36.93,154.51,112.29,45.24,16.36,0.76,13.41,1.52,19.79,1.02,54.23,1.95,154.94,68.96,972.74,0.25,32.14,2.7
2023-05-26,26.81,137.9,93.42,152.49,157.26,41.64,15.97,0.67,8.93,1.52,19.79,1.02,52.0,1.63,163.69,70.44,972.61,0.25,32.11,2.7
2023-05-27,41.5,185.0,123.52,137.05,173.59,47.14,15.29,0.62,6.84,1.52,19.79,1.02,61.44,1.5,105.51,59.13,973.12,0.47,30.81,2.7
2023-05-28,67.75,246.27,109.95,141.51,164.91,52.21,15.29,0.57,7.79,1.52,19.79,1.02,58.01,1.49,94.96,70.12,973.0,0.92,32.91,2.7
2023-05-29,45.09,196.66,115.07,139.69,168.1,46.37,12.36,0.52,7.0,1.52,19.79,1.02,61.33,1.93,141.34,64.26,973.21,0.74,31.18,2.7
2023-05-30,47.19,128.78,109.12,143.68,165.38,46.73,13.77,0.29,6.92,1.52,19.79,1.02,62.57,1.56,143.91,68.65,973.28,0.31,31.07,2.7
2023-05-31,51.25,142.38,185.76,134.61,223.04,46.07,14.19,0.1,6.66,1.52,19.79,1.02,68.7,1.5,180.85,70.55,973.55,0.45,30.04,2.7
2023-06-01,63.35,170.52,142.78,141.44,191.63,50.16,15.16,0.25,6.65,0.97,15.86,0.59,65.18,1.36,183.27,71.0,973.35,0.0,30.78,2.7
2023-06-02,40.53,140.3,63.91,144.52,128.96,29.36,14.09,0.4,7.79,0.97,15.86,0.59,54.02,1.29,203.44,71.23,973.03,0.0,32.58,2.7
2023-06-03,103.55,223.04,75.86,123.34,127.45,26.87,13.69,0.54,7.68,0.97,15.86,0.59,51.06,1.25,169.54,71.52,972.81,0.0,33.28,2.7
2023-06-04,103.27,219.84,66.76,133.79,125.58,33.16,15.24,0.52,12.06,0.97,15.86,0.59,56.38,1.31,184.08,64.11,972.68,0.0,33.36,2.7
2023-06-05,79.36,243.03,121.13,123.44,164.42,28.6,22.56,1.43,12.41,0.97,15.86,0.59,50.24,1.56,231.14,71.49,972.46,0.0,34.86,2.7
2023-06-06,173.0,267.11,86.03,103.73,125.42,40.81,30.09,2.06,14.64,0.97,15.86,0.59,42.73,1.64,203.08,72.75,972.32,0.03,36.56,2.7
2023-06-07,70.04,291.19,123.65,120.98,165.14,42.07,26.44,3.37,14.04,0.97,15.86,0.59,45.22,1.25,183.73,70.2,972.42,0.01,35.21,2.7
2023-06-08,50.42,178.59,96.54,118.36,141.67,39.55,26.73,3.3,18.42,0.97,15.86,0.59,41.92,1.25,173.79,70.0,972.38,0.01,35.95,2.7
2023-06-09,56.89,205.81,144.69,113.24,178.15,42.09,20.89,1.89,11.42,0.97,15.86,0.59,44.41,1.64,209.61,67.35,972.51,0.01,36.31,2.7
2023-06-10,49.76,198.91,156.7,103.4,182.74,34.76,20.92,2.22,9.65,0.97,15.86,0.59,44.89,1.66,228.62,65.93,972.14,0.01,36.28,2.7
2023-06-11,47.44,184.98,95.87,87.86,123.93,28.68,16.62,2.04,13.96,0.97,15.86,0.59,48.96,2.1,241.68,69.34,972.29,0.05,35.3,2.7
2023-06-12,45.54,254.38,111.68,99.3,143.92,31.23,22.96,2.58,12.8,0.97,15.86,0.59,45.49,2.16,256.93,67.67,971.96,0.03,37.64,2.7
2023-06-13,52.51,279.14,136.72,86.68,157.54,31.21,17.42,1.54,8.84,0.97,15.86,0.59,44.89,2.29,250.94,69.59,972.08,0.04,37.95,2.7
2023-06-14,47.3,253.1,134.93,84.4,154.89,30.83,47.07,1.72,8.48,0.97,15.86,0.59,45.73,2.57,244.51,67.03,972.09,0.03,36.64,2.7
2023-06-15,45.11,204.59,122.36,96.45,150.9,39.03,16.79,3.01,9.95,0.97,15.86,0.59,47.82,2.3,232.42,68.9,972.14,0.04,35.43,2.7
2023-06-16,45.82,170.21,147.88,87.14,166.9,34.68,21.62,3.68,8.71,0.97,15.86,0.59,56.33,1.74,224.38,69.34,972.72,0.01,34.46,2.7
2023-06-17,62.9,196.55,132.96,88.81,159.4,26.76,16.25,4.28,8.39,0.97,15.86,0.59,58.86,1.64,190.57,67.48,973.0,0.0,35.44,2.7
2023-06-18,39.96,115.15,41.88,56.07,63.97,23.13,12.77,1.64,15.04,0.97,15.86,0.59,60.87,3.12,124.96,83.3,973.07,0.02,34.77,2.7
2023-06-19,50.92,160.85,118.19,100.12,149.6,32.33,11.81,2.18,5.46,0.97,15.86,0.59,68.47,1.66,149.96,75.67,973.4,0.0,32.18,2.7
2023-06-20,50.13,137.36,31.2,62.13,58.48,55.01,15.37,1.79,16.08,0.97,15.86,0.59,64.56,2.51,76.05,67.86,973.09,0.0,33.83,2.7
2023-06-21,42.16,132.78,73.22,96.6,111.05,48.54,15.31,2.05,15.24,0.97,15.86,0.59,62.16,2.04,152.44,65.59,972.93,0.0,34.8,2.7
2023-06-22,59.87,228.41,86.56,115.36,136.31,38.15,14.14,2.04,26.55,0.97,15.86,0.59,58.19,1.72,161.7,62.86,972.75,0.0,36.09,2.7
2023-06-23,56.97,196.21,117.5,96.92,147.32,48.17,14.42,2.68,15.84,0.97,15.86,0.59,62.01,1.84,142.37,67.59,972.9,0.03,35.59,2.7
2023-06-24,49.82,157.74,43.11,77.41,76.35,28.5,20.83,2.1,20.36,0.97,15.86,0.59,67.59,2.44,83.09,52.7,973.41,0.01,33.99,2.7
2023-06-25,35.76,63.45,123.39,76.41,143.69,15.37,15.76,1.93,19.55,0.97,15.86,0.59,91.4,1.31,172.41,58.83,974.87,0.02,29.91,2.7
2023-06-26,54.72,129.67,43.96,64.48,70.14,27.54,16.0,2.41,23.4,0.97,15.86,0.59,79.28,1.28,69.62,65.9,974.19,0.0,32.06,2.7
2023-06-27,47.08,136.22,46.14,76.94,78.53,40.16,20.91,2.93,19.47,0.97,15.86,0.59,80.45,1.71,97.97,65.19,974.06,0.0,32.24,2.7
2023-06-28,42.54,156.97,106.34,125.39,147.54,41.17,15.91,3.23,23.06,0.97,15.86,0.59,72.16,1.99,95.61,67.54,973.75,0.0,33.37,2.7
2023-06-29,46.79,120.93,92.05,157.32,158.71,49.09,15.94,3.08,17.56,0.97,15.86,0.59,78.73,1.64,79.65,60.41,974.25,0.2,32.54,2.7
2023-06-30,33.29,78.26,84.61,159.88,150.29,49.52,13.67,3.07,24.67,0.97,15.86,0.59,80.77,1.6,82.39,69.28,974.41,0.21,32.02,2.7
2023-07-01,30.96,98.24,77.74,143.57,139.71,44.74,16.86,2.7,31.0,0.52,36.84,1.42,75.99,2.09,84.21,67.99,974.0,0.2,32.72,2.7
2023-07-02,41.46,159.9,130.71,193.67,209.68,45.4,18.63,1.72,27.95,0.52,36.84,1.42,70.21,1.95,103.09,69.25,973.52,0.26,34.04,2.7
2023-07-03,60.28,180.68,109.23,248.33,218.63,49.54,15.46,2.23,22.88,0.52,36.84,1.42,64.78,1.76,122.61,68.2,973.18,0.22,35.48,2.7
2023-07-04,52.2,128.78,70.41,210.81,169.54,53.04,13.96,1.92,15.11,0.52,36.84,1.42,70.14,2.38,96.02,63.46,973.49,0.15,34.17,2.7
2023-07-05,41.04,75.37,55.74,166.39,129.32,56.37,18.46,1.52,24.02,0.52,36.84,1.42,76.23,2.7,81.99,66.47,973.89,0.13,33.24,2.7
2023-07-06,33.34,77.76,76.56,174.49,150.84,48.58,18.04,3.35,14.39,0.52,36.84,1.42,83.96,2.12,76.19,70.72,974.24,0.24,31.53,2.7
2023-07-07,33.56,80.15,43.04,186.59,134.31,51.02,16.19,1.54,12.4,0.52,36.84,1.42,69.98,3.31,81.05,80.51,973.88,0.18,33.95,2.7
2023-07-08,31.47,56.48,133.11,186.76,209.7,44.7,17.93,1.81,20.66,0.52,36.84,1.42,92.08,1.79,82.98,39.66,973.54,0.25,30.84,2.7
2023-07-09,28.75,44.81,53.03,105.74,99.47,42.77,16.12,1.32,16.68,0.52,36.84,1.42,93.63,1.41,78.82,44.54,972.87,0.11,30.76,2.7
2023-07-10,32.78,52.49,105.63,114.56,146.74,36.74,22.63,1.61,28.64,0.52,36.84,1.42,88.57,1.19,89.8,63.51,971.68,0.14,31.93,2.7
2023-07-11,34.0,100.53,125.89,106.33,159.23,35.48,19.54,1.9,17.6,0.52,36.84,1.42,83.44,0.95,152.55,66.36,971.04,0.35,32.49,2.7
2023-07-12,28.48,110.35,39.92,74.14,71.98,35.16,18.05,3.36,18.92,0.52,36.84,1.42,81.4,1.29,79.02,64.45,970.93,0.31,33.26,2.7
2023-07-13,27.0,96.33,40.23,62.37,65.96,36.91,17.08,3.29,16.01,0.52,36.84,1.42,81.58,1.59,95.41,79.13,970.91,0.29,33.33,2.7
2023-07-14,29.17,100.09,40.31,65.0,67.43,35.79,16.93,3.19,15.19,0.52,36.84,1.42,78.76,1.6,92.7,72.58,971.2,0.28,33.77,2.7
2023-07-15,31.35,103.85,40.4,67.64,68.9,34.67,16.77,3.09,14.36,0.52,36.84,1.42,75.93,1.61,89.99,66.04,971.49,0.27,34.22,2.7
2023-07-16,33.52,107.61,40.48,70.27,70.37,33.55,16.62,2.99,13.54,0.52,36.84,1.42,73.11,1.62,87.28,59.49,971.78,0.26,34.66,2.7
2023-07-17,35.7,111.37,40.56,72.9,71.83,32.43,16.46,2.9,12.71,0.52,36.84,1.42,70.29,1.63,84.57,52.94,972.07,0.25,35.11,2.7
2023-07-18,37.87,115.13,40.64,75.53,73.3,31.31,16.31,2.8,11.89,0.52,36.84,1.42,67.47,1.64,81.86,46.39,972.36,0.24,35.55,2.7
2023-07-19,40.05,118.89,40.73,78.17,74.77,30.19,16.15,2.7,11.06,0.52,36.84,1.42,64.64,1.65,79.15,39.85,972.65,0.23,36.0,2.7
2023-07-20,42.22,122.65,40.81,80.8,76.24,29.07,16.0,2.6,10.24,0.52,36.84,1.42,61.82,1.66,76.44,33.3,972.94,0.22,36.44,2.7
2023-07-21,57.35,184.75,43.06,68.12,71.33,32.9,17.39,3.22,13.6,0.52,36.84,1.42,64.3,2.11,81.46,73.38,972.98,0.22,36.23,2.7
2023-07-22,21.44,94.69,13.55,39.03,27.73,35.71,19.56,0.91,6.49,0.52,36.84,1.42,68.56,3.56,81.15,67.64,973.16,0.1,35.08,2.7
2023-07-23,31.18,79.08,28.42,83.1,67.37,32.39,14.66,1.65,9.34,0.52,36.84,1.42,66.13,3.35,75.6,67.94,973.11,0.0,35.28,2.7
2023-07-24,26.02,72.7,23.61,61.99,52.22,31.21,13.22,1.57,8.42,0.52,36.84,1.42,66.26,2.85,73.75,64.64,973.26,0.0,35.23,2.7
2023-07-25,34.7,82.75,20.39,60.12,48.59,36.05,17.1,1.16,9.01,0.52,36.84,1.42,74.53,2.82,80.1,64.47,973.73,0.0,34.11,2.7
2023-07-26,32.79,65.53,30.19,76.58,65.34,31.26,14.33,2.56,14.63,0.52,36.84,1.42,85.13,1.45,70.97,51.39,973.83,0.11,31.47,2.7
2023-07-27,45.76,152.63,91.16,100.49,127.77,30.91,15.49,2.04,19.87,0.52,36.84,1.42,76.98,1.17,93.64,57.48,973.26,0.34,33.2,2.7
2023-07-28,29.77,59.03,7.25,36.91,23.73,35.3,16.86,1.53,12.97,0.52,36.84,1.42,82.86,1.39,168.45,42.16,973.9,0.0,32.33,2.7
2023-07-29,24.31,68.8,52.08,46.77,65.09,35.6,10.75,1.25,16.84,0.52,36.84,1.42,83.56,1.03,151.36,63.5,973.36,0.0,32.41,2.7
2023-07-30,35.41,154.38,135.12,87.43,156.64,32.81,13.02,1.44,10.09,0.52,36.84,1.42,74.42,1.16,216.11,64.31,973.19,0.0,34.07,2.7
2023-07-31,61.45,296.05,156.26,103.04,182.21,36.93,13.44,1.18,9.79,0.52,36.84,1.42,69.02,1.31,240.47,68.03,973.51,0.01,35.29,2.7
2023-08-01,43.03,272.7,142.84,92.92,165.9,38.81,15.59,1.19,9.09,0.42,32.97,1.29,66.95,1.61,224.57,68.05,973.3,0.01,35.66,0.1
2023-08-02,39.55,283.46,139.23,91.37,166.03,38.66,14.6,0.9,7.44,0.42,32.97,1.29,67.63,1.58,221.25,64.77,973.33,0.01,35.36,0.1
2023-08-03,56.19,365.1,135.29,96.12,161.39,37.33,17.35,1.11,11.13,0.42,32.97,1.29,65.11,1.47,236.5,79.83,973.22,0.04,35.9,0.1
2023-08-04,42.46,173.15,58.76,73.84,87.19,37.68,13.13,0.87,11.16,42.73,77.14,1.29,76.55,1.44,136.33,63.87,973.84,0.0,33.44,0.09
2023-08-05,54.56,181.2,165.91,81.73,178.5,33.19,14.82,1.12,11.19,42.95,77.42,1.29,82.34,0.47,157.39,32.91,974.08,0.0,33.27,0.07
2023-08-06,43.83,201.22,215.16,80.42,220.96,40.0,14.56,1.21,11.22,43.16,77.71,1.29,72.78,1.52,219.26,67.53,973.33,0.0,35.3,0.05
2023-08-07,35.85,202.66,167.05,62.83,169.64,39.94,16.1,0.47,11.25,43.37,77.99,1.29,72.88,1.93,217.93,50.45,973.65,0.0,33.98,0.04
2023-08-08,40.48,241.73,163.83,32.2,130.94,176.67,8.44,1.08,11.28,43.59,78.27,1.29,62.93,1.91,194.51,217.94,924.86,0.0,30.75,0.02
2023-08-09,45.11,280.8,160.61,1.56,92.25,313.4,0.79,1.7,11.31,43.8,78.55,1.29,52.99,1.9,171.1,385.42,876.06,0.0,27.52,0.0
2023-08-10,49.75,319.86,157.39,1.37,108.41,324.78,0.8,0.03,60.64,41.67,83.74,1.29,43.04,1.88,147.68,53.36,827.27,0.0,24.28,0.0
2023-08-11,54.38,358.93,154.17,1.41,147.9,209.88,0.8,0.03,59.77,48.32,84.8,1.29,33.1,1.87,124.27,52.15,778.47,0.0,21.05,0.0
2023-08-12,59.01,398.0,150.95,63.09,214.06,10.6,7.18,1.26,2.98,43.51,85.05,1.29,23.15,1.85,100.85,198.72,729.68,0.0,17.82,0.0
2023-08-13,127.67,70.9,49.12,54.66,95.32,6.22,13.19,1.63,24.13,38.7,85.3,1.29,55.02,1.73,101.1,924.66,753.08,0.07,31.34,0.0
2023-08-14,147.0,145.36,11.6,17.89,27.39,18.18,20.63,1.65,29.52,36.51,80.97,1.29,58.34,1.57,59.47,850.35,776.49,1.29,30.6,0.05
2023-08-15,75.29,219.82,2.29,2.02,3.62,27.05,14.21,1.6,37.51,34.32,76.65,1.29,64.52,1.08,53.33,842.38,799.9,0.9,30.16,0.1
2023-08-16,80.81,370.77,15.81,2.36,4.06,36.52,19.6,1.75,31.54,32.13,72.32,1.29,60.02,0.98,100.73,930.52,823.3,0.81,32.29,0.16
2023-08-17,60.76,364.8,34.69,1.58,5.05,59.75,17.59,1.41,34.16,29.94,68.0,1.29,55.24,1.49,105.73,972.99,822.65,1.32,33.64,0.21
2023-08-18,68.52,354.43,29.99,0.8,7.87,54.43,12.26,2.37,26.03,27.75,63.67,1.29,54.43,1.54,99.03,972.87,822.01,1.23,33.81,0.26
2023-08-19,59.07,174.46,30.73,2.3,17.41,20.12,14.46,1.88,66.82,0.42,32.97,1.29,66.66,1.22,37.82,973.24,821.36,0.98,31.81,0.1
2023-08-20,44.3,121.93,27.91,11.04,8.12,7.42,14.24,0.75,48.8,0.42,32.97,1.29,60.68,2.34,40.69,973.09,820.72,1.65,33.02,0.1
2023-08-21,48.46,179.27,27.58,19.77,22.18,18.56,18.49,0.87,46.66,0.42,32.97,1.29,60.46,1.86,57.09,973.13,820.07,1.4,33.47,0.1
2023-08-22,54.08,260.82,44.72,14.26,57.98,6.01,15.27,1.11,44.21,0.42,32.97,1.29,65.73,1.76,77.01,973.47,735.85,1.45,32.46,0.1
2023-08-23,35.33,92.22,25.41,17.59,42.71,23.91,13.83,1.41,43.57,0.42,32.97,1.29,79.55,0.93,75.98,973.6,735.85,0.81,29.72,0.1
2023-08-24,51.71,228.01,2.45,1.33,3.24,28.28,18.6,1.39,25.71,0.42,32.97,1.29,66.04,1.01,100.8,972.84,735.85,0.93,31.31,0.1
2023-08-25,62.38,396.77,44.02,16.18,60.02,30.34,16.8,1.3,9.51,12.41,33.39,1.29,57.29,1.7,109.73,972.63,735.85,1.48,32.45,0.63
2023-08-26,89.69,582.54,91.58,33.36,124.94,33.99,6.33,1.08,9.74,10.22,29.06,1.29,53.5,1.64,112.47,972.69,735.85,1.5,32.83,0.68
2023-08-27,97.84,565.25,6.77,12.8,18.07,30.21,5.09,1.2,10.59,8.03,24.74,1.29,51.45,1.87,112.92,972.75,735.85,1.62,32.88,0.73
2023-08-28,79.16,449.44,23.94,18.39,41.39,25.61,6.42,0.91,12.93,5.84,20.41,1.29,54.11,1.86,103.96,972.92,735.85,1.6,32.9,0.79
2023-08-29,78.17,428.25,60.42,24.39,82.81,15.93,7.45,0.67,14.64,3.65,16.09,1.29,53.19,1.56,97.41,972.86,735.85,1.28,33.25,0.84
2023-08-30,79.43,397.19,3.53,2.15,4.16,18.21,3.58,1.21,11.62,1.46,11.76,1.29,53.65,1.31,105.86,972.84,735.85,1.05,33.34,0.89
2023-08-31,75.03,426.84,22.38,15.12,37.39,17.37,5.68,1.99,10.75,1.44,9.78,1.29,53.59,1.01,102.31,965.24,735.85,0.76,33.39,0.49
2023-09-01,57.45,389.67,69.98,26.79,96.8,26.04,3.68,1.75,5.74,0.42,2.79,1.26,52.63,1.32,114.38,734.74,735.52,1.06,34.27,0.56
2023-09-02,60.67,272.79,43.05,23.55,66.63,14.71,3.91,1.62,6.1,0.37,2.9,1.26,47.27,1.3,89.5,755.03,735.52,1.17,26.7,0.67
2023-09-03,52.59,397.99,61.88,26.13,88.01,8.52,1.95,8.8,6.58,0.33,1.84,1.26,48.99,1.43,104.03,735.18,735.52,1.15,35.72,0.21
2023-09-04,46.4,212.56,63.2,29.91,93.11,6.77,2.15,1.09,6.25,0.36,2.27,1.26,49.08,1.28,100.82,744.45,735.52,0.96,35.43,0.41
2023-09-05,47.8,162.61,22.03,27.23,49.25,6.23,2.1,1.28,17.21,0.33,4.5,1.26,49.27,1.8,43.0,744.36,735.52,1.27,35.06,0.45
2023-09-06,40.6,129.13,36.59,27.78,64.36,10.54,2.96,1.18,13.55,0.41,2.79,1.26,49.44,1.34,57.17,847.4,735.52,1.12,34.73,0.76
2023-09-07,49.15,159.47,58.66,38.14,96.78,12.0,2.29,1.23,18.87,0.55,6.09,1.26,51.01,0.93,66.06,1023.98,735.52,0.78,33.74,1.16
2023-09-08,28.87,83.93,7.32,16.19,23.5,11.4,4.91,1.16,5.31,0.24,8.19,1.26,50.58,2.04,39.86,1020.92,735.52,1.6,34.19,0.43
2023-09-09,41.63,64.34,9.9,10.83,20.72,12.57,3.28,1.1,6.72,0.52,8.94,1.26,57.5,2.51,44.51,1002.51,735.52,1.7,31.94,0.51
2023-09-10,35.18,64.06,12.08,11.76,23.83,11.32,2.24,1.1,5.39,0.71,7.99,1.26,61.19,2.14,48.19,978.54,735.52,1.3,31.12,0.96
2023-09-11,42.95,112.38,10.28,14.5,24.78,12.33,3.34,1.5,4.67,0.35,13.91,1.26,56.19,1.15,35.4,949.96,735.52,0.9,31.26,0.67
2023-09-12,50.26,163.29,19.38,18.26,37.66,12.51,2.94,1.03,4.51,0.43,5.06,1.26,54.21,1.04,42.97,935.74,735.52,0.83,32.32,0.9
2023-09-13,52.65,117.66,13.05,17.88,30.91,15.49,3.07,1.31,3.69,0.38,2.63,1.26,52.93,1.05,48.91,939.92,735.52,0.9,33.62,0.82
2023-09-14,61.16,131.25,9.95,16.39,26.34,18.95,3.5,1.08,2.95,0.35,3.32,1.26,52.25,1.36,47.46,941.75,735.52,1.2,34.67,0.86
2023-09-15,49.22,116.21,15.64,17.3,32.92,18.18,3.38,1.11,5.07,0.41,6.93,1.26,56.47,1.52,46.1,944.82,735.52,1.06,33.61,1.3
2023-09-16,36.49,78.09,21.76,17.08,38.32,19.49,1.58,1.15,6.43,0.39,16.36,1.26,58.36,1.86,42.45,948.42,735.52,1.23,32.92,0.9
2023-09-17,23.61,56.03,4.95,10.07,15.02,18.63,3.69,1.0,4.43,0.22,8.9,1.26,57.08,2.28,49.21,941.04,735.52,1.43,32.69,0.3
2023-09-18,20.73,58.66,4.61,10.04,14.65,17.95,2.32,1.08,3.95,0.16,1.67,1.26,53.92,2.51,45.93,919.39,735.52,1.83,34.28,0.44
2023-09-19,35.1,97.7,5.91,12.71,18.61,19.07,3.91,1.05,3.89,0.24,2.12,1.26,51.36,1.54,41.06,902.23,735.52,1.33,37.53,1.1
2023-09-20,69.21,229.17,31.52,37.82,69.35,14.74,6.66,1.57,5.7,0.52,8.79,1.26,50.48,0.78,46.43,958.48,735.52,0.69,37.54,1.4
2023-09-21,51.27,190.96,23.48,23.62,49.61,10.7,4.29,1.16,4.47,0.4,3.61,1.26,51.1,1.02,70.66,1151.55,735.52,0.83,37.24,1.08
2023-09-22,63.59,170.5,18.57,20.43,38.76,5.33,1.19,1.12,5.54,0.64,5.01,1.26,51.86,1.25,49.77,1176.86,735.52,0.94,36.74,1.19
2023-09-23,56.65,121.04,58.96,18.93,79.61,6.29,4.01,1.77,4.71,0.48,3.52,1.26,56.89,1.09,57.96,1206.13,735.52,0.94,34.02,0.76
2023-09-24,91.57,184.91,59.56,22.09,81.62,4.84,5.13,1.77,6.57,0.66,10.44,1.26,57.33,0.58,62.59,1071.87,735.52,0.49,29.68,2.15
2023-09-25,76.05,183.98,36.15,36.06,72.21,11.38,4.03,1.28,11.34,0.41,7.56,1.26,53.29,0.63,42.67,980.8,735.52,0.42,30.97,0.57
2023-09-26,89.28,239.69,40.49,36.25,76.79,41.7,2.94,1.14,14.06,0.43,3.26,1.26,52.01,0.52,49.82,994.97,735.52,0.34,31.55,0.53
2023-09-27,62.73,203.43,47.59,26.39,73.98,31.38,1.84,1.19,4.84,0.44,3.69,1.26,51.01,0.76,71.55,989.55,735.52,0.56,31.44,0.67
2023-09-28,62.68,200.28,55.75,36.48,92.24,24.88,2.96,2.28,5.98,0.43,3.1,1.26,50.23,0.72,80.87,989.61,735.52,0.58,31.03,0.59
2023-09-29,77.34,215.24,60.8,42.86,103.62,29.83,4.13,1.88,7.03,0.62,3.72,1.26,50.28,0.63,58.4,988.6,735.52,0.46,30.56,1.03
2023-09-30,81.29,206.8,40.57,35.04,75.63,27.25,9.19,1.59,6.21,0.62,3.29,1.26,49.23,0.84,74.54,988.15,735.52,0.6,31.42,0.98
2023-10-01,72.79,189.73,36.13,30.12,66.22,21.92,3.45,1.69,6.3,0.49,2.82,10.67,48.61,1.04,79.75,988.3,735.9,0.66,30.95,0.81
2023-10-02,68.3,182.42,63.23,31.81,94.23,15.56,4.99,1.84,6.57,0.6,2.72,10.67,46.28,0.84,75.89,988.25,735.9,0.6,30.15,0.94
2023-10-03,69.66,214.24,32.53,16.9,48.96,10.7,6.67,1.81,7.19,0.72,4.6,10.67,46.09,1.09,90.76,987.95,735.9,0.9,30.01,1.01
2023-10-04,82.48,210.46,1.82,2.0,3.68,5.84,5.84,1.32,8.39,0.69,4.44,10.67,47.81,1.02,89.7,988.22,735.9,0.77,30.26,0.91
2023-10-05,94.75,255.72,1.95,1.45,3.39,6.58,5.32,2.33,6.69,0.97,5.44,10.67,47.44,0.88,88.74,988.93,735.9,0.75,30.18,1.55
2023-10-06,128.75,311.96,1.94,1.26,3.19,6.77,3.34,2.43,11.18,0.96,7.43,10.67,47.43,0.69,71.44,988.77,735.9,0.59,30.14,2.56
2023-10-07,102.15,304.85,50.13,10.22,60.12,7.04,5.39,1.86,18.54,0.93,11.27,10.67,49.09,0.81,68.85,988.65,735.9,0.7,30.57,3.28
2023-10-08,79.61,262.97,103.36,39.79,143.02,6.23,7.69,1.1,9.61,0.62,6.1,10.67,47.59,0.84,77.35,988.57,735.9,0.73,32.35,2.22
2023-10-09,96.54,250.65,155.14,43.99,188.83,6.02,6.38,1.36,17.39,0.69,9.0,10.67,48.51,0.83,70.0,988.9,735.9,0.74,31.51,1.81
2023-10-10,93.78,269.47,138.55,45.04,169.03,6.26,7.03,1.19,13.94,0.91,10.34,10.67,47.89,0.7,83.26,987.91,735.9,0.58,31.08,2.43
2023-10-11,85.63,193.13,68.51,39.04,107.55,6.89,6.95,0.86,6.34,0.64,4.36,10.67,47.0,0.78,80.62,988.96,735.9,0.62,29.88,0.95
2023-10-12,158.36,293.35,97.47,51.15,148.62,8.15,2.4,1.29,7.64,0.83,4.78,10.67,47.61,0.58,54.68,989.53,735.9,0.48,29.28,1.0
2023-10-13,196.42,426.42,47.07,66.07,108.81,7.18,4.89,1.37,13.14,0.98,7.32,10.67,47.16,0.71,53.03,988.28,735.9,0.59,30.26,1.55
2023-10-14,135.24,423.7,141.89,55.99,185.5,7.42,4.22,2.16,10.26,0.92,9.94,10.67,47.65,0.59,65.63,988.78,735.9,0.52,30.53,2.5
2023-10-15,104.27,386.92,139.05,46.31,181.87,6.52,9.56,1.66,39.01,0.87,9.75,10.67,47.71,0.83,54.58,988.76,735.9,0.51,29.72,2.07
2023-10-16,74.91,292.34,33.3,30.7,64.0,6.94,5.85,0.75,26.0,0.5,6.14,10.67,48.15,2.37,56.31,988.93,735.9,1.21,27.9,0.72
2023-10-17,48.59,180.91,37.01,35.07,72.18,7.18,9.18,0.86,67.2,0.37,7.15,10.67,49.4,0.96,40.77,988.67,735.9,0.59,27.41,0.63
2023-10-18,49.0,206.15,69.93,39.92,109.83,6.8,4.69,0.93,8.59,0.69,4.76,10.67,45.17,0.79,110.63,988.4,735.9,0.62,29.35,1.23
2023-10-19,72.47,225.35,75.45,39.61,115.02,7.04,3.81,1.35,6.59,0.74,5.56,10.67,51.09,0.33,78.57,989.22,735.9,0.3,25.26,1.2
2023-10-20,119.16,281.8,38.48,32.17,70.69,8.64,5.81,1.23,9.37,0.77,5.65,10.67,48.0,0.38,58.01,989.13,735.9,0.32,27.48,1.17
2023-10-21,175.57,431.62,51.93,37.86,89.82,8.73,5.92,2.11,13.16,1.01,6.39,10.67,47.74,0.43,44.22,988.94,735.9,0.39,27.65,2.37
2023-10-22,262.58,492.12,65.38,43.55,108.95,8.82,4.01,2.91,8.99,1.56,10.83,10.67,51.92,0.33,49.68,989.0,735.9,0.29,25.84,4.24
2023-10-23,117.96,297.72,78.83,49.23,128.08,8.92,1.22,1.35,6.7,0.77,4.84,10.67,46.44,0.55,91.2,988.91,735.9,0.45,28.89,2.18
2023-10-24,137.06,304.21,92.28,54.92,147.21,9.01,3.0,1.46,7.7,0.88,4.62,10.67,48.09,0.38,65.68,989.14,735.9,0.33,27.54,1.79
2023-10-25,125.31,320.83,105.72,60.61,166.34,9.1,4.06,1.67,9.36,1.07,6.54,10.67,46.99,0.4,92.74,989.08,735.9,0.37,28.27,2.6
2023-10-26,175.19,412.92,119.17,66.3,185.48,9.19,2.29,1.85,8.69,1.04,6.32,10.67,47.62,0.4,96.47,988.99,735.9,0.36,27.26,2.48
2023-10-27,208.67,384.63,132.62,71.99,204.61,9.28,4.16,2.32,9.24,1.15,7.55,10.67,47.66,0.45,74.49,989.03,735.9,0.4,27.15,2.96
2023-10-28,231.89,406.73,146.07,77.67,223.74,9.38,1.73,2.48,23.6,1.36,13.64,10.67,47.11,0.36,60.45,988.81,735.9,0.34,28.04,4.94
2023-10-29,191.1,414.16,159.52,83.36,242.87,9.47,4.94,1.15,44.49,0.79,11.71,10.67,44.17,0.64,42.09,988.82,735.9,0.55,29.89,2.52
2023-10-30,246.42,555.88,172.97,89.05,262.0,9.56,5.73,1.98,57.51,1.1,11.9,10.67,49.46,0.48,29.79,989.0,735.9,0.42,27.66,4.15
2023-10-31,273.07,596.52,75.43,62.0,137.42,13.98,5.46,1.86,54.41,1.23,13.12,10.67,50.68,0.72,24.34,988.43,735.9,0.64,27.21,4.58
2023-11-01,268.9,543.49,144.99,50.12,195.09,12.45,4.83,1.6,49.48,1.1,12.09,16.52,52.27,0.49,29.71,988.93,735.26,0.45,24.99,3.37
2023-11-02,401.75,695.01,137.53,62.02,188.13,17.54,6.73,2.8,28.41,1.43,8.38,16.52,53.48,0.49,36.09,988.88,735.26,0.43,23.81,3.81
2023-11-03,335.55,616.04,132.39,65.24,184.4,18.13,2.35,2.84,15.23,1.18,8.92,16.52,51.2,0.33,46.56,989.53,735.26,0.31,26.1,3.91
2023-11-04,434.16,724.24,156.04,66.23,222.29,19.93,1.75,3.28,8.88,1.76,10.18,16.52,52.31,0.33,53.17,989.66,735.26,0.31,26.84,4.35
2023-11-05,307.15,605.17,203.05,61.23,264.33,14.99,0.72,3.28,13.23,1.27,8.36,16.52,49.15,0.32,84.92,989.04,735.26,0.3,27.06,4.49
2023-11-06,346.58,541.31,179.49,71.17,216.53,18.6,5.86,3.44,46.51,1.44,12.54,16.52,49.35,0.5,71.15,988.9,735.26,0.47,27.3,4.94
2023-11-07,355.82,588.97,161.51,63.69,222.03,21.54,3.16,3.29,35.22,1.55,11.31,16.52,51.15,0.38,68.01,988.9,735.26,0.36,26.69,5.62
2023-11-08,327.88,605.91,175.47,57.96,220.69,22.88,5.29,3.37,9.42,1.62,9.07,16.52,51.79,0.37,64.46,989.03,735.26,0.35,28.55,4.35
2023-11-09,408.07,658.12,139.82,59.77,199.56,30.71,2.26,3.73,11.57,1.62,10.38,16.52,52.32,0.31,69.37,989.55,735.26,0.31,25.72,5.53
2023-11-10,190.86,278.29,63.28,32.45,95.76,29.67,1.53,1.58,39.6,0.83,9.01,16.52,57.25,0.81,58.32,989.21,735.26,0.6,22.23,2.98
2023-11-11,121.74,252.47,62.94,29.18,92.13,21.88,2.61,1.13,8.69,0.68,3.91,16.52,54.13,0.5,79.01,988.6,735.26,0.43,23.48,1.42
2023-11-12,182.36,355.17,91.32,35.26,126.59,21.04,4.76,1.61,7.91,0.75,3.14,16.52,52.46,0.5,106.18,988.88,735.26,0.43,24.16,1.46
2023-11-13,405.96,564.19,139.96,35.18,175.14,27.51,7.58,3.04,7.73,1.24,4.53,16.52,54.99,0.44,74.02,988.69,735.26,0.37,24.2,2.23
2023-11-14,279.26,537.43,163.0,51.92,214.89,32.02,4.58,3.15,7.14,1.28,5.99,16.52,52.06,0.33,79.38,988.81,735.26,0.32,25.19,3.1
2023-11-15,305.29,528.86,140.98,48.64,189.6,30.85,4.46,2.43,6.51,1.15,5.66,16.52,52.75,0.4,81.07,988.71,735.26,0.37,27.37,2.61
2023-11-16,364.71,544.09,134.55,50.35,172.3,32.5,4.17,3.14,13.57,1.32,8.0,16.52,53.44,0.4,53.38,988.77,735.26,0.38,25.24,3.43
2023-11-17,283.36,487.86,216.85,42.98,243.69,47.25,3.07,4.69,28.27,1.66,13.39,16.52,53.87,0.54,44.78,988.72,735.26,0.47,25.73,5.94
2023-11-18,174.14,365.39,133.47,47.17,180.66,41.89,1.51,2.7,8.83,1.19,8.51,16.52,52.42,0.46,68.95,988.94,735.26,0.42,21.53,3.93
2023-11-19,198.01,364.15,150.35,40.83,191.16,40.17,6.33,2.29,33.62,1.0,8.71,16.52,52.91,0.56,55.67,988.98,735.26,0.48,20.17,3.3
2023-11-20,237.98,422.86,122.79,51.19,173.96,39.6,4.59,3.34,28.33,1.21,7.5,16.52,52.36,0.36,73.93,988.74,735.26,0.34,23.35,3.23
2023-11-21,218.05,412.35,75.27,47.3,122.58,34.52,2.57,1.71,9.31,1.08,5.69,16.52,50.92,0.56,108.72,988.86,735.26,0.55,22.21,2.09
2023-11-22,225.46,426.45,107.56,50.82,158.4,26.1,3.78,2.06,7.45,1.06,4.53,16.52,49.06,0.5,107.67,989.15,735.26,0.47,24.19,2.13
2023-11-23,255.3,481.11,193.47,52.92,243.42,33.64,3.18,3.5,20.11,1.51,11.09,16.52,51.36,0.53,70.55,989.0,735.26,0.47,26.63,4.65
2023-11-24,388.94,615.23,193.75,63.83,257.63,48.96,6.41,5.05,41.11,1.76,13.32,16.52,53.03,0.49,83.69,989.47,735.26,0.47,27.62,5.72
2023-11-25,288.49,508.23,200.41,60.11,226.87,48.51,4.12,4.36,9.55,1.73,10.52,16.52,52.19,0.38,98.88,989.46,735.26,0.37,23.69,4.64
2023-11-26,301.28,544.08,106.52,46.42,152.95,63.85,3.18,3.05,60.61,1.21,12.45,16.52,50.89,0.63,57.85,989.49,735.26,0.52,20.13,4.35
2023-11-27,226.09,394.18,79.15,38.33,117.48,58.35,5.12,2.02,47.89,1.1,8.97,16.52,52.51,1.06,56.42,989.77,735.26,0.82,18.94,2.63
2023-11-28,169.16,279.92,38.12,32.39,70.5,48.9,1.61,1.33,13.53,0.77,7.61,16.52,55.94,0.35,43.43,989.79,735.26,0.28,17.75,1.38
2023-11-29,217.91,377.81,115.39,40.56,149.75,52.13,3.05,2.44,27.98,1.19,6.98,16.52,56.21,0.47,49.94,989.52,735.26,0.39,18.37,2.4
2023-11-30,291.44,492.73,127.78,51.84,179.28,82.45,2.95,3.2,37.15,1.16,10.62,16.52,56.39,0.53,41.71,989.38,735.26,0.48,17.82,3.87
2023-12-01,251.65,411.81,77.43,49.53,126.96,65.01,4.39,1.59,23.87,1.06,5.73,8.92,56.58,0.31,49.46,988.51,740.03,0.29,17.97,1.72
2023-12-02,179.39,322.31,131.18,56.96,184.58,62.58,6.77,1.62,11.13,1.13,7.59,8.92,55.31,0.35,62.96,988.6,740.03,0.32,17.29,2.81
2023-12-03,193.3,376.74,161.33,59.25,217.25,70.77,6.01,1.82,30.49,1.23,9.63,8.92,53.13,0.36,63.09,988.66,740.03,0.35,17.58,3.75
2023-12-04,187.22,356.01,121.56,64.34,185.92,76.92,4.38,1.06,30.11,1.02,6.8,8.92,51.92,0.57,62.99,988.57,740.03,0.54,17.96,2.59
2023-12-05,157.64,290.31,95.82,57.07,148.72,61.3,3.55,0.89,9.61,0.91,4.47,8.92,51.28,0.53,71.92,988.66,740.03,0.46,17.26,1.51
2023-12-06,158.24,320.49,175.12,72.14,244.18,65.63,2.5,1.39,9.09,1.05,5.87,8.92,52.13,0.35,96.03,988.26,740.03,0.33,17.18,2.49
2023-12-07,237.86,452.79,221.56,82.06,291.01,82.47,5.12,2.03,10.55,1.63,9.52,8.92,60.83,0.32,71.62,988.55,740.03,0.3,17.23,4.15
2023-12-08,170.48,346.7,166.69,68.96,231.76,70.63,3.82,2.34,9.98,1.35,7.56,8.92,63.76,0.41,99.9,988.13,740.03,0.39,17.08,3.16
2023-12-09,166.21,330.97,126.24,62.8,189.08,66.54,3.35,2.32,9.27,1.1,7.17,8.92,62.87,0.43,102.4,988.59,740.03,0.4,16.89,2.7
2023-12-10,154.74,298.35,130.02,60.5,182.44,53.22,3.23,1.24,9.64,0.86,4.62,8.92,59.97,0.53,104.12,988.59,740.03,0.49,16.49,1.79
2023-12-11,187.22,365.73,206.31,73.66,257.82,63.89,5.44,2.66,20.67,1.08,7.31,8.92,61.63,0.36,83.19,988.26,740.03,0.35,16.25,3.34
2023-12-12,276.96,482.28,166.24,64.78,218.18,91.78,5.03,3.61,39.48,1.16,11.21,8.92,66.28,0.4,55.03,988.5,740.03,0.38,15.78,3.75
2023-12-13,295.25,484.19,146.21,67.15,209.91,87.82,3.37,3.85,20.07,1.45,8.41,8.92,65.43,0.39,73.72,988.31,740.03,0.37,16.07,3.4
2023-12-14,166.71,353.81,186.4,68.32,242.8,65.53,5.71,4.02,9.17,1.22,7.36,8.92,61.3,0.46,104.83,988.04,740.03,0.43,15.72,2.81
2023-12-15,218.42,404.89,190.18,76.83,254.09,74.27,4.54,4.56,9.66,1.43,8.76,4.25,61.06,0.34,81.5,988.41,745.23,0.32,15.73,3.92
2023-12-16,273.96,496.65,206.58,79.19,243.1,84.52,6.41,5.73,10.09,1.65,9.54,4.25,63.27,0.34,81.02,988.46,744.58,0.31,15.55,4.29
2023-12-17,229.57,398.38,161.66,68.63,223.74,87.57,2.97,4.1,9.33,1.2,6.24,4.25,61.96,0.37,78.52,988.37,743.94,0.33,15.82,2.79
2023-12-18,164.31,296.44,91.95,54.49,146.39,70.81,1.84,3.01,5.25,0.72,3.68,4.25,63.51,0.48,102.56,988.21,743.29,0.41,15.5,1.41
2023-12-19,142.61,327.26,113.26,53.59,166.82,40.45,2.9,2.78,3.98,0.76,3.58,4.25,58.49,0.45,103.92,988.64,742.65,0.39,15.53,1.58
2023-12-20,174.68,380.84,138.89,65.13,194.58,50.3,2.1,2.32,5.14,1.02,5.37,4.25,61.75,0.32,106.83,961.83,742.0,0.3,15.48,2.09
2023-12-21,272.74,501.81,115.65,71.03,186.69,68.07,5.4,2.43,11.12,1.26,7.56,5.56,63.35,0.32,74.07,989.0,742.0,0.29,16.28,3.48
2023-12-22,407.44,655.77,183.69,80.08,248.5,97.88,5.79,2.99,12.84,1.59,9.8,6.88,71.24,0.35,48.62,988.99,742.0,0.32,15.48,3.94
2023-12-23,345.06,563.45,150.53,65.97,176.72,86.54,3.53,1.68,14.75,1.13,7.62,8.2,66.96,0.41,42.74,988.94,742.0,0.35,15.23,3.07
2023-12-24,344.67,551.89,185.07,73.34,232.29,90.49,6.59,1.77,10.12,1.4,7.14,9.51,70.66,0.3,52.37,988.98,742.0,0.28,14.84,4.02
2023-12-25,249.62,435.99,150.27,65.41,212.51,78.8,2.85,1.85,9.35,1.13,6.02,10.82,71.03,0.33,93.16,988.89,742.0,0.3,14.58,2.52
2023-12-26,292.16,475.83,99.99,58.93,158.94,85.78,5.13,1.94,10.03,1.16,7.47,12.14,72.85,0.32,51.15,988.86,742.0,0.26,14.26,2.2
2023-12-27,411.96,612.05,56.49,50.37,106.66,88.07,3.65,2.08,8.92,1.6,7.39,8.91,82.62,0.33,62.34,988.88,741.98,0.26,13.36,2.06
2023-12-28,269.48,414.48,38.12,54.44,87.79,54.89,1.9,1.57,8.57,1.06,4.3,5.84,80.33,0.35,74.08,988.81,741.96,0.25,13.18,1.35
2023-12-29,314.18,466.63,42.5,54.44,81.3,61.44,3.22,2.08,11.93,1.8,12.98,6.22,82.88,0.43,37.56,679.4,741.91,0.24,12.99,1.19
2023-12-30,307.65,450.73,40.98,77.31,74.45,33.41,12.15,2.21,27.26,3.04,25.72,4.89,80.88,0.56,48.53,114.79,741.67,-0.03,13.15,1.19
2023-12-31,239.31,365.42,42.59,66.55,70.03,24.98,9.63,1.92,20.84,2.75,17.51,3.22,80.72,0.61,43.45,105.32,742.0,-0.03,12.1,1.19
2024-01-01,199.56,335.12,38.99,56.29,61.65,18.28,9.33,1.6,17.08,2.31,8.15,2.17,75.3,0.41,60.27,127.21,741.94,-0.03,11.83,1.19
2024-01-02,195.91,320.67,46.46,62.58,71.07,19.42,22.19,1.77,17.98,2.2,9.02,3.71,72.11,0.54,54.18,135.27,741.98,-0.03,11.54,1.19
2024-01-03,247.44,360.37,69.63,71.08,94.41,25.29,16.65,2.18,15.52,3.43,12.03,4.18,84.56,0.51,38.12,119.43,742.0,-0.03,10.76,1.19
2024-01-04,274.06,436.22,91.01,71.07,111.79,34.86,10.11,1.86,14.38,3.17,18.21,5.43,81.26,0.32,96.44,111.25,741.96,-0.03,11.54,5.46
2024-01-05,218.28,345.98,66.03,59.13,85.1,42.52,11.37,2.2,15.25,2.75,14.08,3.92,84.88,0.32,51.01,79.26,742.0,-0.03,12.01,5.46
2024-01-06,223.3,375.88,69.6,68.65,93.07,34.62,18.98,3.57,14.94,2.62,11.18,3.42,78.78,0.39,44.39,122.34,741.9,-0.03,11.72,5.46
2024-01-07,214.33,357.84,64.99,75.71,93.11,29.71,10.04,3.55,17.23,2.26,10.62,2.95,74.78,0.39,61.26,137.88,741.89,-0.03,12.2,5.46
2024-01-08,331.12,531.56,81.0,82.32,109.17,28.6,15.83,4.11,15.23,3.46,17.74,6.47,80.92,0.38,37.85,130.92,741.19,-0.03,11.53,5.46
2024-01-09,184.92,304.13,58.07,57.75,77.92,41.18,10.64,3.86,15.32,2.27,11.88,2.91,80.98,0.44,91.49,115.4,741.0,-0.02,11.62,5.46
2024-01-10,177.28,301.01,63.68,58.19,82.73,35.52,12.57,4.56,16.99,1.95,8.31,2.94,77.8,0.52,122.65,132.2,741.0,-0.01,11.04,5.46
2024-01-11,229.72,375.51,64.65,76.26,93.13,34.08,17.9,3.96,19.54,2.69,12.86,3.9,74.56,0.36,99.18,140.09,741.0,-0.02,11.73,5.46
2024-01-12,253.56,394.33,64.67,88.45,99.15,38.51,8.7,3.63,18.49,3.31,16.46,4.95,76.69,0.33,73.73,133.1,741.0,-0.03,11.57,5.46
2024-01-13,420.17,609.42,121.99,115.6,157.44,43.65,23.05,4.2,25.52,4.82,33.16,9.48,81.94,0.41,38.68,135.7,741.0,-0.03,10.98,5.46
2024-01-14,363.57,574.43,96.19,100.96,136.99,41.99,21.51,4.9,28.18,5.78,27.11,11.05,79.74,0.35,75.71,129.65,740.92,-0.03,11.29,5.46
2024-01-15,238.57,405.96,95.11,107.29,134.89,37.59,23.87,5.13,23.28,3.9,20.28,7.0,74.47,0.34,57.03,139.19,740.68,-0.02,11.82,5.46
2024-01-16,295.29,409.95,49.65,80.14,83.0,51.07,2.95,4.1,19.36,3.69,24.6,6.3,83.56,0.85,40.86,129.59,740.76,-0.03,10.77,5.46
2024-01-17,226.16,338.07,29.39,71.08,61.7,36.43,4.47,0.79,17.01,2.47,16.9,4.63,75.55,0.6,46.65,140.98,740.54,-0.03,11.46,5.46
2024-01-18,199.32,308.96,36.31,69.16,66.3,39.31,28.82,0.47,16.07,2.52,16.44,4.88,79.75,0.51,52.54,133.55,740.17,-0.03,11.51,5.46
2024-01-19,207.95,313.08,26.8,61.53,54.51,36.6,10.61,0.42,15.26,2.71,15.72,5.35,82.33,0.68,50.94,130.27,740.21,-0.03,10.91,5.46
2024-01-20,198.91,333.6,51.36,77.04,82.73,28.69,15.88,1.33,17.26,2.65,14.88,1.93,73.62,0.48,59.24,136.67,739.55,-0.03,11.88,5.46
2024-01-21,212.08,331.76,69.68,78.84,98.59,34.29,6.48,1.49,15.32,3.31,13.62,3.4,80.98,0.39,100.59,132.12,738.91,-0.01,11.2,5.46
2024-01-22,238.8,373.23,21.74,61.97,50.64,24.47,12.81,1.22,15.6,2.04,8.38,1.94,75.73,0.64,44.28,142.06,740.09,0.06,11.25,5.46
2024-01-23,256.98,418.2,32.88,79.67,69.11,31.69,15.0,1.26,14.47,2.65,9.99,3.52,79.69,0.7,50.58,128.89,741.78,-0.03,11.42,5.46
2024-01-24,286.24,467.91,63.26,86.38,97.34,34.79,14.36,1.27,14.34,3.69,15.85,4.69,77.56,0.35,51.75,129.86,741.43,-0.03,11.59,5.46
2024-01-25,263.9,456.6,93.11,103.03,130.51,33.84,16.37,1.42,14.68,3.66,21.07,7.84,78.48,0.43,59.4,136.32,741.3,-0.03,11.34,5.46
2024-01-26,383.65,580.15,156.79,128.73,191.95,48.81,9.04,2.17,16.92,4.76,25.56,10.4,75.29,0.34,40.31,140.62,741.51,0.23,12.39,5.46
2024-01-27,201.47,397.72,181.39,132.42,211.81,45.19,25.11,1.55,15.12,3.46,17.0,9.08,65.54,0.54,87.28,142.33,741.52,0.45,13.46,5.46
2024-01-28,312.73,529.27,139.46,141.01,166.0,62.31,13.3,1.36,21.61,4.65,32.95,12.05,77.97,0.85,55.43,137.93,741.41,0.41,12.08,5.46
2024-01-29,234.3,404.18,49.77,84.95,85.64,41.96,12.14,1.16,16.09,2.85,18.19,5.77,75.86,0.44,52.17,142.16,741.36,0.41,13.09,5.46
2024-01-30,289.84,464.52,84.3,93.01,118.0,53.28,29.63,0.67,15.35,4.42,27.23,8.2,83.39,0.34,57.41,123.42,740.8,0.4,12.79,5.46
2024-01-31,265.73,349.77,85.39,96.5,120.75,53.45,15.3,0.77,33.48,3.56,34.45,7.02,88.03,0.58,42.55,109.24,740.97,0.41,12.78,5.46
2024-02-01,66.89,99.25,17.8,59.72,46.05,36.86,15.6,1.54,15.71,1.07,6.86,1.92,84.65,1.44,44.77,134.93,741.07,0.02,13.79,3.16
2024-02-02,103.95,200.05,78.89,75.73,104.39,28.66,14.48,2.37,15.25,1.98,12.32,3.91,81.19,0.61,91.99,153.83,742.0,-0.02,13.03,3.16
2024-02-03,119.99,372.35,106.66,111.81,146.17,32.59,14.45,2.86,15.8,3.38,19.72,5.68,62.94,0.38,105.0,147.33,741.33,-0.02,14.08,3.16
2024-02-04,140.93,239.51,63.18,82.32,95.16,62.79,7.73,2.42,22.52,3.68,29.32,0.0,79.75,0.79,38.81,131.74,737.56,-0.03,14.59,3.16
2024-02-05,85.43,194.62,52.71,66.78,78.32,28.51,13.31,2.21,19.16,1.65,10.67,1.64,78.17,0.41,99.81,148.2,739.33,-0.02,15.02,3.16
2024-02-06,81.64,258.3,74.26,77.25,101.47,20.33,17.94,1.84,18.85,1.59,10.87,3.7,68.49,0.49,101.59,113.8,741.43,0.15,14.03,3.16
2024-02-07,78.76,243.27,42.46,70.93,72.26,20.04,17.99,1.33,18.59,1.27,7.65,2.69,58.48,0.81,121.78,113.78,741.46,0.25,15.27,3.16
2024-02-08,71.46,197.66,39.98,66.12,67.64,19.69,24.25,1.28,18.27,1.12,5.28,1.93,58.95,1.06,124.39,116.76,742.0,0.2,16.11,3.16
2024-02-09,92.89,300.43,100.2,114.31,129.59,21.76,30.91,1.82,18.41,2.03,12.58,5.8,56.29,0.37,121.62,116.02,742.0,0.12,17.23,3.16
2024-02-10,218.86,445.73,105.07,115.17,145.87,40.3,10.29,1.35,29.17,3.05,23.7,10.23,65.81,0.33,61.02,115.69,742.0,0.08,16.91,3.16
2024-02-11,179.1,357.31,96.28,112.68,138.19,37.08,16.14,1.43,18.9,2.24,17.97,4.89,65.21,0.31,74.42,114.19,742.0,0.08,17.05,3.16
2024-02-12,190.43,375.65,127.3,120.9,167.81,47.39,24.41,2.09,19.55,2.5,20.94,5.47,68.2,0.32,50.04,112.29,741.25,0.09,17.49,3.16
2024-02-13,259.0,511.27,155.57,148.12,197.46,49.79,22.29,2.94,20.23,4.19,25.96,4.84,70.33,0.3,68.41,110.93,740.41,0.11,17.47,3.16
2024-02-14,211.74,422.15,120.43,122.77,163.2,51.41,7.82,1.44,19.54,3.8,25.15,4.63,67.72,0.31,128.03,114.85,740.33,0.08,17.25,3.16
2024-02-15,142.46,345.82,110.9,122.23,155.13,39.04,10.69,1.12,19.43,2.59,16.76,2.42,64.05,0.37,107.57,116.51,740.19,0.08,17.42,3.16
2024-02-16,130.44,340.44,121.74,127.49,166.78,37.0,21.11,2.12,20.14,2.85,21.41,4.24,60.09,0.33,91.26,112.54,739.37,0.1,17.7,3.16
2024-02-17,141.31,405.15,149.72,160.17,180.94,34.34,17.66,3.52,19.48,2.65,19.41,5.16,60.0,0.38,95.39,115.71,740.03,0.09,18.27,3.16
2024-02-18,173.51,434.15,41.6,157.91,78.52,54.26,17.12,4.31,19.58,2.88,20.47,8.37,59.22,0.63,54.45,114.97,741.64,0.07,19.26,3.16
2024-02-19,99.51,266.69,3.31,56.27,32.62,47.02,16.79,2.07,21.44,1.19,4.62,0.46,57.54,2.12,50.41,113.36,740.77,0.05,19.86,3.16
2024-02-20,122.51,266.6,49.97,83.02,83.92,44.33,25.08,2.63,22.69,1.65,17.81,0.74,71.52,0.77,36.1,113.67,739.92,0.05,19.56,3.16
2024-02-21,100.35,266.24,49.8,78.24,82.12,44.09,13.55,2.01,20.88,1.99,13.88,0.28,63.32,0.43,96.34,118.68,739.9,0.09,19.19,3.16
2024-02-22,72.21,218.4,54.53,86.49,90.31,28.1,24.23,1.42,20.61,1.5,10.6,0.2,52.62,0.44,90.44,120.07,739.89,0.13,18.93,3.16
2024-02-23,58.11,186.67,63.65,93.98,101.72,23.22,28.92,1.63,20.17,1.49,12.5,0.46,49.07,0.51,107.87,122.26,740.0,0.1,18.25,3.16
2024-02-24,118.96,347.41,133.38,151.14,185.82,25.2,30.53,1.77,19.24,2.22,26.99,1.51,51.61,0.36,60.54,117.94,740.89,0.1,18.06,3.16
2024-02-25,110.47,244.75,63.24,97.91,103.51,24.86,22.13,0.88,18.81,1.31,9.19,2.2,48.58,0.52,76.79,118.0,741.82,0.1,18.47,3.16
2024-02-26,112.33,275.38,77.03,112.64,121.26,20.82,22.91,1.09,18.53,1.75,11.35,0.86,48.28,0.36,51.57,116.0,741.91,0.1,18.64,3.16
2024-02-27,67.89,178.39,42.66,76.31,75.27,27.83,18.95,0.75,18.33,1.34,12.68,0.02,52.98,0.44,94.05,118.86,742.0,0.11,18.66,3.16
2024-02-28,55.57,173.89,44.26,75.04,76.0,30.89,24.43,0.77,19.39,1.41,8.88,0.05,57.8,0.53,125.67,121.98,741.03,0.16,18.64,3.16
2024-02-29,76.87,191.92,95.36,107.61,126.79,22.96,18.86,0.93,20.85,1.45,9.09,0.17,55.52,0.43,113.0,122.25,740.42,0.16,19.24,3.16
2024-03-01,122.95,271.43,94.25,113.44,133.08,35.71,19.92,1.66,29.58,2.47,20.51,0.18,55.77,0.94,36.35,119.57,740.99,0.07,19.66,2.7
2024-03-02,43.07,101.53,7.98,36.47,25.89,37.85,22.76,1.29,20.52,0.7,4.05,0.58,67.62,3.87,47.55,108.38,741.43,0.16,18.79,2.7
2024-03-03,65.08,158.5,40.45,56.88,63.26,39.85,16.02,1.59,14.79,0.88,6.62,0.03,68.14,0.92,65.2,120.8,742.22,0.15,17.59,2.7
2024-03-04,64.98,159.28,35.29,62.52,61.98,21.61,14.76,1.32,22.24,1.04,3.54,0.0,55.15,0.62,74.97,127.21,742.38,0.25,17.32,2.7
2024-03-05,56.05,151.86,32.96,57.85,57.58,17.41,18.46,1.2,28.49,0.87,4.75,0.0,51.67,0.55,120.55,127.44,742.21,0.23,16.75,2.7
2024-03-06,72.57,170.48,36.66,70.98,67.55,14.96,27.86,1.34,30.27,1.01,6.98,0.04,51.57,0.42,112.52,127.55,742.13,0.22,16.73,2.7
2024-03-07,96.56,218.59,54.45,85.44,89.71,18.65,23.37,1.52,18.5,1.65,13.3,0.0,57.74,0.35,43.74,44.97,742.26,0.2,16.82,2.7
2024-03-08,72.86,167.7,31.03,65.93,60.31,20.84,24.2,1.24,27.66,1.02,6.71,0.03,52.12,0.46,95.54,125.55,742.38,0.31,18.68,2.7
2024-03-09,70.85,160.92,43.7,75.59,75.71,17.2,18.8,1.29,29.79,1.18,6.36,0.0,50.88,0.52,123.09,127.0,742.21,0.45,18.69,2.7
2024-03-10,99.39,217.33,64.66,97.87,104.63,17.66,19.52,1.56,30.56,1.52,9.88,0.0,49.36,0.38,87.88,143.21,742.35,0.44,19.35,2.7
2024-03-11,92.75,220.48,58.32,88.87,94.51,16.54,26.41,1.58,27.9,1.58,11.81,1.8,47.7,0.39,88.87,153.65,741.82,0.4,19.74,2.7
2024-03-12,86.11,223.63,51.98,79.87,84.4,15.42,33.31,1.61,25.25,1.65,13.74,3.6,46.05,0.4,89.86,164.09,741.28,0.35,20.12,2.7
2024-03-13,79.47,226.79,45.63,70.86,74.28,14.31,40.2,1.63,22.59,1.72,15.67,5.4,44.39,0.41,90.86,174.53,740.74,0.3,20.51,2.7
2024-03-14,72.83,229.94,39.29,61.86,64.17,13.19,47.09,1.65,19.94,1.78,17.6,7.2,42.74,0.42,91.85,184.97,740.21,0.26,20.89,2.7
2024-03-15,66.19,233.09,32.95,52.86,54.05,12.07,53.98,1.68,17.28,1.84,19.52,8.99,41.08,0.43,92.84,195.4,739.68,0.22,21.28,2.7
2024-03-16,59.56,236.24,26.61,43.86,43.93,10.95,60.88,1.7,14.62,1.91,21.45,10.79,39.42,0.44,93.83,205.84,739.14,0.17,21.66,2.7
2024-03-17,52.92,239.39,20.27,34.86,33.82,9.83,67.77,1.72,11.97,1.98,23.38,12.59,37.77,0.45,94.82,216.28,738.6,0.12,22.04,2.7
2024-03-18,46.28,242.54,13.92,25.85,23.7,8.72,74.66,1.74,9.31,2.04,25.31,14.39,36.11,0.46,95.82,226.72,738.07,0.08,22.43,2.7
2024-03-19,39.64,245.7,7.58,16.85,13.59,7.6,81.55,1.77,6.66,2.1,27.24,16.19,34.46,0.47,96.81,237.16,737.54,0.03,22.82,2.7
2024-03-20,33.0,248.85,1.24,7.85,3.47,6.48,88.45,1.79,4.0,2.17,29.17,17.99,32.8,0.48,97.8,247.6,737.0,-0.01,23.2,2.7
2024-03-21,93.75,252.0,0.77,32.16,0.3,0.14,95.34,0.95,23.64,1.55,10.73,1.05,56.34,1.02,37.98,203.59,740.34,-0.05,19.42,2.7
2024-03-22,140.75,106.0,26.28,56.46,42.83,9.28,48.25,1.83,45.51,1.83,13.95,2.23,60.24,1.55,45.67,158.18,745.93,-0.03,19.78,2.7
2024-03-23,96.45,271.79,42.24,52.97,62.51,19.53,18.69,2.75,23.71,2.18,16.43,0.55,55.71,1.46,71.55,157.15,750.59,0.0,20.75,2.7
2024-03-24,77.52,325.63,32.43,34.14,44.52,17.46,25.48,1.51,12.75,0.92,6.54,1.26,52.54,1.37,67.91,161.52,748.78,0.03,19.91,2.7
2024-03-25,189.37,547.78,35.85,37.32,48.98,12.22,27.28,1.2,0.5,1.58,11.35,0.9,66.61,1.28,36.61,82.94,748.32,-0.02,16.8,2.7
2024-03-26,119.33,77.33,22.77,39.3,39.4,11.47,26.57,0.9,50.75,0.33,2.77,0.8,39.0,1.19,129.0,262.33,746.33,0.01,24.03,2.7
2024-03-27,54.76,225.76,34.43,57.87,58.8,26.57,26.56,0.7,9.4,1.68,15.84,0.46,48.26,1.1,85.6,87.83,740.69,-0.01,21.79,2.7
2024-03-28,62.93,208.66,33.98,58.25,58.59,16.64,31.99,0.35,79.74,1.71,11.73,0.48,48.24,1.01,76.44,122.25,740.01,-0.01,21.83,2.7
2024-03-29,87.14,242.44,26.98,55.07,50.56,15.57,29.2,0.57,90.55,1.63,15.35,0.47,49.82,0.92,41.01,107.84,740.06,-0.02,21.63,2.7
2024-03-30,95.31,301.58,36.94,63.32,63.72,14.65,29.79,0.77,43.79,2.01,12.67,0.48,51.61,0.83,49.09,123.91,740.03,-0.02,21.74,2.7
2024-03-31,156.73,407.53,53.33,64.4,77.55,9.92,29.13,1.22,61.73,3.0,18.67,0.49,53.6,0.74,64.78,132.89,740.0,-0.01,21.17,2.7
2024-04-01,35.21,185.08,35.7,62.01,62.0,16.95,33.02,3.39,53.07,1.0,7.78,0.3,39.35,0.65,132.96,145.56,739.77,0.01,26.09,2.7
2024-04-02,51.64,189.13,29.13,51.46,49.52,8.38,30.76,3.16,42.68,1.26,9.16,0.36,43.23,0.53,103.35,126.26,740.0,0.0,28.09,2.7
2024-04-03,91.45,277.52,22.86,86.23,44.13,10.28,36.68,3.37,38.21,2.07,11.37,0.45,41.65,0.48,79.48,123.32,745.34,-0.03,29.24,2.7
2024-04-04,87.85,288.67,48.19,76.09,79.66,9.51,26.14,2.28,31.72,1.75,14.95,0.46,39.59,0.41,58.02,121.27,748.31,-0.03,30.17,2.7
2024-04-05,70.59,249.46,44.59,62.95,69.71,9.47,24.77,0.67,23.87,1.36,11.43,0.27,39.75,0.51,103.95,122.77,748.34,-0.01,30.13,2.7
2024-04-06,77.53,231.44,40.98,67.12,69.04,9.36,22.27,0.71,35.5,1.28,8.4,0.33,37.99,0.48,98.76,126.66,748.42,-0.01,29.57,2.7
2024-04-07,82.48,257.2,63.89,87.02,97.77,7.23,10.34,0.98,32.87,1.42,11.53,0.24,37.32,0.44,85.11,125.97,748.46,-0.01,29.26,2.7
2024-04-08,110.88,316.94,63.25,103.21,105.11,14.67,24.08,1.16,30.45,1.42,8.87,0.33,37.28,0.41,79.55,125.19,748.78,-0.02,29.89,2.7
2024-04-09,132.38,352.52,120.25,96.69,155.66,14.21,25.61,2.69,50.87,1.45,9.27,0.45,36.97,0.35,40.24,123.35,748.99,-0.03,29.97,2.7
2024-04-10,107.55,329.34,63.73,90.01,98.13,23.6,13.55,2.98,63.39,1.47,21.77,1.4,37.14,0.5,32.32,124.17,748.93,-0.03,30.34,2.7
2024-04-11,129.4,422.12,122.37,92.21,146.46,30.21,44.15,3.06,64.33,1.91,29.54,1.74,38.98,0.68,49.15,120.15,749.04,-0.04,30.43,2.7
2024-04-12,148.61,390.56,65.07,97.1,100.91,33.3,35.52,3.02,52.4,1.91,24.61,0.97,38.42,0.49,29.47,123.08,748.88,-0.03,30.94,2.7
2024-04-13,143.5,482.5,161.6,113.63,191.8,36.78,8.13,3.21,5.55,2.05,20.67,2.55,41.17,0.3,51.17,2.0,748.67,-0.03,29.12,2.7
2024-04-14,107.61,382.91,123.05,96.15,151.25,32.87,12.2,2.27,15.03,1.65,18.68,1.7,40.41,0.35,77.81,2.0,749.11,-0.02,29.26,2.7
2024-04-15,71.71,283.32,84.5,78.66,110.7,28.97,16.26,1.32,24.52,1.26,16.69,0.85,39.66,0.4,104.46,2.0,749.56,-0.0,29.41,2.7
2024-04-16,35.82,183.73,45.95,61.18,70.15,25.06,20.33,0.38,34.0,0.86,14.7,0.0,38.9,0.45,131.1,2.0,750.0,0.01,29.55,2.7
2024-04-17,52.08,192.03,58.92,63.17,80.93,26.08,24.29,0.82,49.79,0.58,5.4,0.27,39.4,0.84,129.79,129.44,749.2,0.0,30.03,2.7
2024-04-18,79.87,249.96,91.1,78.43,113.45,24.14,23.77,0.94,32.63,0.97,5.0,0.37,38.98,0.39,109.27,129.49,748.8,-0.02,29.69,2.7
2024-04-19,72.84,240.5,94.19,81.81,118.35,25.42,24.64,1.1,35.3,0.98,6.55,0.3,38.32,0.4,104.9,134.87,748.88,-0.02,30.48,2.7
2024-04-20,65.82,231.04,97.28,85.2,123.24,26.69,25.5,1.27,37.98,0.99,8.09,0.23,37.65,0.4,100.54,140.26,748.96,-0.02,31.27,2.7
2024-04-21,58.79,221.57,100.37,88.58,128.14,27.96,26.37,1.44,40.65,1.0,9.64,0.16,36.98,0.41,96.18,145.64,749.03,-0.02,32.06,2.7
2024-04-22,51.76,212.11,103.46,91.96,133.04,29.24,27.24,1.6,43.32,1.01,11.19,0.09,36.32,0.42,91.81,151.02,749.11,-0.02,32.85,2.7
2024-04-23,82.62,308.58,83.76,90.51,116.22,32.16,18.32,1.42,44.15,0.91,13.65,0.16,41.83,0.88,91.57,127.66,749.45,-0.02,30.58,2.7
2024-04-24,74.17,239.99,110.8,91.45,138.67,32.46,21.9,1.66,37.7,1.38,11.5,0.08,41.9,0.55,100.5,131.52,749.25,-0.03,30.95,2.7
2024-04-25,83.97,296.37,123.28,92.03,149.45,27.13,25.94,1.64,38.01,1.42,11.88,0.0,37.11,0.53,137.55,131.93,749.33,-0.01,31.94,2.7
2024-04-26,115.82,283.48,73.4,94.37,115.23,29.58,36.43,1.58,44.48,1.7,7.14,0.08,38.03,0.46,53.34,139.51,749.61,-0.03,31.77,2.7
2024-04-27,73.66,318.13,45.27,70.47,74.34,38.48,20.43,0.85,53.79,0.91,6.46,0.0,36.17,0.77,116.55,152.77,749.06,-0.02,33.63,2.7
2024-04-28,96.39,281.09,40.95,92.78,82.63,28.63,35.91,1.03,26.51,1.93,4.28,0.56,38.57,0.43,40.37,38.8,749.14,-0.03,31.31,2.7
2024-04-29,115.34,348.89,85.48,78.62,114.88,34.62,34.95,1.13,60.31,1.4,18.33,0.48,40.74,0.62,60.85,133.29,749.35,-0.02,31.59,2.7
2024-04-30,70.49,252.03,74.58,67.96,96.08,25.02,33.13,0.89,47.74,0.81,6.58,0.05,38.22,0.62,114.2,137.55,749.21,-0.01,30.88,2.7
2024-05-01,77.25,272.17,43.64,58.5,66.23,20.08,31.31,0.66,52.12,0.73,5.02,0.09,34.52,1.08,124.67,139.98,749.03,0.02,29.73,2.7
2024-05-02,76.65,239.03,67.51,70.67,89.52,21.13,30.78,0.79,61.18,0.86,8.03,0.0,36.79,0.63,114.33,137.51,751.46,0.0,30.51,2.7
2024-05-03,124.15,335.08,75.48,90.1,109.23,23.84,30.97,1.24,47.85,1.18,9.22,0.02,35.38,0.57,131.8,132.06,755.19,-0.02,32.25,2.7
2024-05-04,147.15,400.42,104.12,104.89,140.52,26.31,44.48,2.37,48.83,1.81,16.67,1.0,36.72,0.42,145.99,126.93,755.2,-0.03,33.03,2.7
2024-05-05,159.4,451.8,104.68,101.48,155.34,47.3,31.61,3.39,40.64,2.31,18.81,2.4,38.31,0.39,129.03,131.68,755.33,-0.03,33.69,2.7
2024-05-06,123.53,354.01,85.38,85.59,121.5,32.16,21.55,2.26,44.42,1.27,9.0,1.18,39.07,0.47,93.22,127.74,747.47,-0.02,33.93,2.7
2024-05-07,135.93,551.05,69.55,87.42,99.88,52.08,40.7,2.74,71.84,2.7,30.55,1.24,43.56,0.94,28.88,126.49,743.02,-0.04,33.66,2.7
2024-05-08,94.0,291.96,3.94,37.02,22.71,74.08,15.67,0.82,29.55,0.62,5.7,0.32,53.53,2.18,44.24,135.02,742.22,-0.06,32.25,2.7
2024-05-09,76.86,224.32,2.26,25.01,15.07,38.81,18.06,0.77,60.41,0.51,2.43,0.04,50.86,2.65,48.91,164.2,742.6,-0.07,32.35,2.7
2024-05-10,141.98,277.4,5.38,45.16,28.35,36.34,20.02,0.87,65.91,0.72,4.89,0.49,48.26,1.61,50.76,151.6,740.74,-0.03,33.66,2.7
2024-05-11,82.69,224.19,35.69,73.17,67.95,27.13,29.06,0.97,35.26,0.78,3.68,0.53,49.68,0.93,74.13,59.65,739.32,-0.02,30.7,2.7
2024-05-12,99.56,275.44,54.85,97.72,96.5,29.5,23.35,1.88,24.03,1.37,7.61,0.78,48.16,0.38,67.59,86.31,739.24,-0.03,31.79,2.7
2024-05-13,129.4,341.64,79.89,97.44,119.36,31.56,40.44,2.74,69.97,1.82,15.96,1.22,41.78,0.44,59.09,121.79,739.19,-0.03,33.42,2.7
2024-05-14,118.46,361.4,152.64,103.01,181.37,31.94,12.73,3.11,48.12,1.83,17.34,2.55,39.77,0.38,57.65,111.28,739.27,-0.03,32.88,2.7
2024-05-15,175.09,425.39,151.97,109.53,183.43,38.19,36.49,3.03,73.45,2.06,38.63,3.25,36.61,0.54,40.2,132.6,739.17,-0.03,33.71,2.7
2024-05-16,164.63,348.85,66.78,86.41,98.52,40.86,40.44,2.76,71.17,1.93,55.8,2.05,38.67,0.61,62.29,131.21,738.98,-0.03,33.98,2.7
2024-05-17,195.81,461.9,120.36,105.58,155.96,41.35,23.43,4.9,48.13,2.17,34.95,4.58,38.27,0.4,88.66,128.75,738.95,-0.03,35.14,2.7
2024-05-18,161.06,424.26,167.26,94.16,186.08,35.77,20.05,5.16,20.52,2.2,35.68,5.26,38.8,0.31,108.58,33.7,739.32,-0.03,34.13,2.7
2024-05-19,120.38,312.25,54.63,64.39,78.65,28.68,26.12,3.62,52.96,1.0,28.48,1.48,34.86,0.6,89.61,130.29,739.08,-0.02,36.22,2.7
2024-05-20,126.07,363.51,66.68,73.06,93.09,32.01,23.54,3.77,55.99,1.45,37.53,1.91,38.31,0.61,62.73,122.2,739.08,-0.02,35.48,2.7
2024-05-21,91.98,310.56,9.2,50.14,34.15,48.15,39.05,2.77,44.68,0.83,35.03,1.19,46.63,1.52,37.17,136.84,739.05,-0.05,34.09,2.7
2024-05-22,94.21,236.5,6.46,34.01,23.35,53.99,28.0,2.75,32.44,0.65,30.48,0.57,49.32,2.1,41.32,134.06,739.02,-0.06,34.05,2.7
2024-05-23,61.31,164.88,5.4,24.72,17.54,50.88,8.32,2.58,27.45,0.45,24.13,0.37,49.43,2.48,45.15,150.98,739.26,-0.07,33.64,2.7
2024-05-24,60.64,177.15,5.73,27.11,19.07,33.92,15.78,2.79,43.34,0.44,13.33,0.48,44.14,1.55,38.44,173.37,738.56,-0.05,35.26,2.7
2024-05-25,97.71,232.12,19.57,46.07,40.41,28.03,26.87,2.95,31.45,0.53,13.07,0.84,41.68,0.53,62.32,131.25,736.39,-0.03,35.25,2.7
2024-05-26,113.62,277.46,74.82,70.33,97.46,18.88,25.97,3.2,67.62,0.86,18.87,1.13,36.48,0.57,56.64,133.19,736.42,-0.02,35.56,2.7
2024-05-27,139.36,428.4,94.35,87.5,123.24,25.92,25.43,3.35,50.43,1.66,49.53,4.92,38.9,0.5,59.08,117.49,736.22,-0.03,36.9,2.7
2024-05-28,138.08,403.5,128.94,100.63,158.15,34.95,22.84,3.05,65.29,1.58,26.37,3.23,36.56,0.65,49.77,131.71,736.01,-0.03,40.82,2.7
2024-05-29,122.96,428.78,81.75,74.97,106.31,39.89,13.57,2.1,37.73,1.39,18.51,2.65,37.95,0.86,61.75,128.92,736.01,-0.04,40.39,2.7
2024-05-30,107.94,333.36,71.57,74.84,98.0,37.32,21.39,1.73,25.49,1.07,19.25,1.62,36.2,0.69,74.8,134.91,736.56,-0.02,40.89,2.7
2024-05-31,96.42,313.29,87.76,89.45,118.91,39.05,25.01,2.13,29.07,1.04,22.4,1.71,37.35,0.78,58.67,133.79,736.29,-0.03,40.69,2.7
2024-06-01,117.41,358.13,85.13,72.59,107.86,33.68,11.31,2.34,13.84,0.99,14.03,1.63,35.62,0.94,92.77,124.84,736.57,-0.01,40.17,2.7
2024-06-02,64.61,199.42,37.96,58.21,61.11,33.37,20.76,2.37,20.83,0.55,14.11,0.52,38.37,0.61,70.76,110.41,736.28,-0.03,38.67,2.7
2024-06-03,74.71,305.22,92.88,74.67,115.22,24.07,14.32,2.48,29.67,1.02,14.63,1.6,34.36,0.81,115.21,163.69,736.41,-0.02,42.07,2.7
2024-06-04,111.21,350.5,75.88,76.18,102.2,27.88,15.9,4.07,19.88,0.79,17.2,1.39,43.09,0.95,55.83,131.55,736.44,-0.04,38.63,2.7
2024-06-05,118.5,456.67,126.16,61.82,138.74,64.9,22.09,4.18,74.88,0.74,22.28,1.7,41.3,1.22,91.17,132.26,736.26,-0.02,39.65,2.7
2024-06-06,67.35,255.21,26.38,77.46,62.65,52.58,16.38,3.77,99.11,0.53,14.13,0.77,46.89,1.21,68.62,140.34,736.04,-0.03,37.07,2.7
2024-06-07,63.74,299.91,34.79,83.63,72.77,32.61,21.23,3.7,100.26,0.6,10.57,0.75,38.38,0.74,114.35,138.88,736.13,-0.02,39.16,2.7
2024-06-08,68.5,328.46,22.21,63.91,52.05,27.07,17.69,3.74,104.32,0.62,9.89,0.59,38.32,1.02,123.99,136.2,735.98,0.0,39.25,2.7
2024-06-09,54.0,228.21,21.39,74.87,57.22,29.76,22.76,3.78,111.37,0.69,10.23,0.71,35.22,0.79,126.98,138.1,736.01,-0.01,39.44,2.7
2024-06-10,60.38,229.96,22.43,79.75,60.46,26.46,21.55,3.96,118.05,0.85,11.2,0.93,34.19,0.69,114.9,137.48,736.07,-0.01,40.35,2.7
2024-06-11,91.74,330.62,57.72,87.4,93.42,21.88,22.47,4.91,104.72,1.26,14.52,1.47,34.43,0.56,93.8,124.73,736.18,-0.02,40.19,2.7
2024-06-12,76.93,316.18,64.51,72.14,90.82,21.2,10.54,5.28,106.23,1.25,14.2,1.94,34.69,0.61,98.15,146.44,736.27,-0.03,40.79,2.7
2024-06-13,65.49,269.02,13.37,63.97,44.88,24.49,7.12,5.19,116.06,0.59,10.91,0.81,31.55,1.05,122.9,177.47,736.02,0.02,42.8,2.7
2024-06-14,69.16,435.54,16.53,55.19,42.8,21.49,19.91,5.1,97.23,0.46,8.78,0.47,36.88,1.8,114.92,178.87,736.38,0.0,37.37,2.7
2024-06-15,52.44,311.68,22.26,55.88,47.83,20.38,17.63,5.38,101.44,0.63,9.97,0.76,35.08,1.21,128.6,205.42,736.28,0.01,40.19,2.7
2024-06-16,63.22,304.02,41.03,56.05,63.18,17.13,20.14,4.25,89.23,0.8,10.66,0.86,38.14,0.57,130.89,101.34,736.77,-0.02,38.18,2.7
2024-06-17,71.67,320.17,43.25,52.42,63.08,16.9,20.0,1.51,99.85,0.75,10.3,1.05,23.8,1.8,70.2,162.2,739.0,0.48,18.88,2.7
2024-06-18,70.28,357.61,130.65,107.48,163.45,29.99,16.31,4.86,9.43,1.42,18.87,1.39,41.5,0.4,154.64,2.0,748.36,-0.02,30.65,2.7
2024-06-19,76.25,438.21,103.55,63.74,118.12,24.18,23.22,2.55,53.93,0.93,20.13,1.15,42.27,0.32,110.71,154.93,741.79,-0.08,34.67,2.7
2024-06-20,49.04,200.71,8.37,43.02,29.68,22.17,13.64,0.7,95.57,0.22,7.67,0.33,50.71,0.3,51.19,253.68,736.0,-0.21,34.81,2.7
2024-06-21,73.67,244.29,18.4,43.93,38.32,21.74,14.4,1.03,85.82,0.23,10.02,0.75,58.31,0.3,45.32,248.08,736.0,-0.15,33.84,2.7
2024-06-22,104.93,264.59,24.03,47.79,44.96,21.51,16.54,1.96,86.25,0.27,10.45,1.08,55.71,0.3,41.07,252.96,736.0,-0.19,34.89,2.7
2024-06-23,64.67,155.89,6.18,39.06,25.81,21.86,14.6,1.12,83.04,0.12,7.19,0.26,55.27,0.3,33.27,253.03,736.01,-0.2,35.38,2.7
2024-06-24,63.67,186.57,9.88,44.81,31.87,35.88,16.17,0.68,75.77,0.19,28.47,0.65,56.43,0.3,36.96,236.15,735.97,-0.23,35.13,2.7
2024-06-25,69.25,154.7,16.09,52.06,40.78,86.01,13.28,0.24,75.77,0.34,38.52,0.74,58.13,0.3,36.94,286.1,736.0,-0.18,35.08,2.7
2024-06-26,75.2,173.36,14.27,42.85,34.39,71.63,14.47,0.39,63.99,0.35,42.54,0.79,58.05,0.3,38.65,297.48,736.0,-0.15,35.28,2.7
2024-06-27,81.15,192.02,12.44,33.64,28.01,57.25,15.67,0.53,52.2,0.36,46.56,0.84,57.98,0.3,40.36,308.86,736.0,-0.12,35.48,2.7
2024-06-28,87.1,210.68,10.62,24.42,21.62,42.86,16.86,0.68,40.42,0.38,50.58,0.9,57.9,0.3,42.08,320.24,736.0,-0.09,35.68,2.7
2024-06-29,93.05,229.34,8.79,15.21,15.24,28.48,18.06,0.82,28.63,0.39,54.6,0.95,57.83,0.3,43.79,331.62,736.0,-0.06,35.88,2.7
2024-06-30,99.0,248.0,6.97,6.0,8.85,14.1,19.25,0.97,16.85,0.4,58.62,1.0,57.75,0.3,45.5,343.0,736.0,-0.03,36.08,2.7
2024-07-01,53.79,263.94,11.63,16.84,18.41,38.73,15.54,0.89,78.94,0.69,60.98,1.51,60.73,0.3,82.39,180.24,736.0,-0.09,35.41,2.7
2024-07-02,57.14,219.97,14.33,11.66,17.84,16.97,11.82,0.78,87.76,0.6,58.42,1.45,63.15,0.3,79.13,268.08,736.0,-0.1,34.88,2.7
2024-07-03,45.47,130.71,8.58,6.14,10.05,13.02,17.36,0.43,75.48,0.52,58.82,1.43,75.77,0.3,38.69,267.38,735.99,-0.18,32.31,2.7
2024-07-04,42.74,98.12,7.76,3.62,8.25,17.71,14.16,1.04,79.38,0.4,56.66,1.01,73.5,0.89,34.05,396.3,736.0,0.24,33.31,2.7
2024-07-05,34.67,70.45,7.85,6.67,9.73,19.06,9.05,1.87,60.7,1.35,74.32,1.7,74.78,0.3,36.15,241.61,735.34,-0.12,32.37,2.7
2024-07-06,33.14,100.78,11.05,8.53,12.99,12.78,9.68,2.4,29.79,0.52,85.39,5.04,75.64,0.3,39.99,126.33,735.99,-0.07,32.24,2.7
2024-07-07,21.72,80.67,8.58,6.81,10.61,9.07,5.41,0.53,31.23,0.39,83.47,4.04,69.34,0.3,39.17,175.43,735.99,-0.04,32.38,2.7
2024-07-08,31.93,103.73,11.44,7.39,13.2,6.59,9.8,0.56,31.47,0.45,82.51,4.15,76.11,0.3,44.16,189.31,738.85,-0.02,31.08,2.7
2024-07-09,57.07,132.01,10.67,11.31,14.63,6.89,17.5,0.89,45.38,0.73,74.39,4.23,76.69,0.3,38.54,156.44,742.0,-0.02,32.26,2.7
2024-07-10,70.83,174.0,9.88,12.46,14.52,11.61,17.32,0.81,96.77,0.66,51.04,2.23,71.81,0.3,46.71,154.94,741.98,-0.01,33.47,2.7
2024-07-11,71.89,216.83,10.46,14.3,15.32,14.98,18.08,1.15,100.73,0.67,49.71,1.69,65.04,0.3,52.29,158.28,742.0,-0.02,35.43,2.7
2024-07-12,38.19,210.18,32.93,32.71,43.73,18.07,17.39,0.84,77.32,0.49,49.31,1.15,59.2,0.3,87.98,148.91,742.0,-0.01,34.18,2.7
2024-07-13,58.48,190.09,33.05,51.98,53.94,29.92,17.49,0.89,32.79,0.68,49.46,1.67,68.04,0.3,45.57,152.6,742.0,-0.03,33.26,2.7
2024-07-14,58.91,166.58,17.22,43.51,36.75,43.26,17.07,0.7,29.75,0.45,49.01,1.33,61.24,0.3,41.49,156.72,742.0,-0.03,34.92,2.7
2024-07-15,57.27,160.29,16.41,41.7,35.5,42.25,16.93,0.64,28.78,0.4,49.18,1.29,66.11,0.3,39.75,156.09,742.01,-0.04,34.02,2.7
2024-07-16,55.41,143.33,18.23,33.85,32.39,38.69,16.6,0.5,58.19,0.36,48.4,1.07,63.9,0.3,37.43,157.71,742.0,-0.04,35.16,2.7
2024-07-17,49.0,144.48,17.78,34.8,32.47,38.61,15.97,0.9,47.2,0.51,49.61,0.91,65.93,0.3,41.61,149.45,741.8,-0.03,34.57,2.7
2024-07-18,57.42,150.42,36.59,49.54,55.76,43.21,18.4,1.29,48.49,0.56,47.39,2.07,71.72,0.3,38.3,143.22,742.0,-0.02,33.46,2.7
2024-07-19,88.33,200.69,28.0,33.41,40.06,33.46,18.12,1.16,69.51,0.6,47.06,2.37,72.61,0.3,33.62,152.35,742.0,-0.05,33.6,2.7
2024-07-20,59.03,134.61,2.61,12.17,8.59,14.91,17.21,0.82,74.93,0.37,43.26,0.88,65.4,0.3,35.64,158.36,741.97,-0.04,34.7,2.7
2024-07-21,8.0,127.19,3.26,11.25,8.57,9.35,17.38,0.79,59.08,0.3,45.08,0.76,67.09,0.3,37.48,156.07,742.0,-0.06,34.43,2.7
2024-07-22,42.47,132.21,5.11,11.18,10.01,12.38,15.61,1.3,82.11,0.54,48.57,1.47,71.61,0.3,36.9,151.27,741.81,-0.05,33.49,2.7
2024-07-23,50.43,143.85,6.08,11.12,10.86,9.42,13.49,1.43,93.51,0.45,46.99,1.86,72.48,0.3,31.77,155.33,741.99,-0.04,33.58,2.7
2024-07-24,69.69,153.09,6.42,16.19,13.68,10.83,14.24,1.75,70.16,0.61,42.08,1.26,70.99,0.3,52.56,139.59,742.0,-0.04,33.74,2.7
2024-07-25,43.37,80.81,8.36,24.35,19.69,25.47,13.24,1.9,106.49,0.41,45.91,1.0,70.86,0.3,34.54,139.48,741.9,-0.04,33.73,2.7
2024-07-26,71.27,112.91,42.39,57.75,64.93,43.62,13.2,1.31,103.6,0.59,46.74,1.43,70.85,0.3,48.33,155.29,741.68,-0.03,33.61,2.7
2024-07-27,48.31,82.17,27.39,54.34,50.19,48.36,14.93,2.06,102.51,0.46,48.46,4.85,69.03,0.3,41.1,149.39,741.57,-0.04,34.18,2.7
2024-07-28,39.16,72.67,25.98,34.78,38.33,40.81,13.68,1.51,103.4,0.44,46.03,1.34,63.05,0.3,38.53,154.97,741.78,-0.06,35.22,2.7
2024-07-29,38.74,67.18,8.6,31.76,23.07,34.07,13.34,1.36,102.16,0.34,43.08,61.9,61.76,0.3,35.66,148.02,741.72,-0.06,35.24,2.7
2024-07-30,47.01,76.62,57.12,35.93,60.88,29.86,14.15,1.72,89.36,0.56,48.77,0.97,65.22,0.3,45.05,149.38,741.7,-0.05,35.39,2.7
2024-07-31,50.12,103.25,68.4,54.98,83.94,32.54,14.54,1.77,94.61,0.72,47.08,1.33,67.72,0.3,83.58,174.99,741.57,-0.03,35.16,2.7
2024-08-01,25.24,29.57,10.4,35.38,30.24,38.08,17.55,1.43,109.85,0.22,38.32,0.78,57.94,0.3,41.62,306.31,742.0,-0.07,35.63,0.1
2024-08-02,33.11,57.16,8.06,20.16,17.26,27.88,25.28,1.46,101.06,0.3,44.01,0.74,70.57,0.31,34.71,294.67,741.9,-0.05,33.69,0.1
2024-08-03,34.24,105.28,7.85,25.93,20.17,20.84,24.0,1.48,92.98,0.23,48.47,8.7,65.56,0.3,40.57,135.47,735.97,-0.27,34.06,0.1
2024-08-04,31.2,105.73,11.55,24.27,22.31,23.28,41.03,1.35,62.82,0.2,43.11,2.64,66.56,0.3,40.31,160.41,736.0,-0.28,33.34,0.1
2024-08-05,32.21,82.38,6.83,21.21,16.84,25.22,27.31,1.28,62.69,0.21,38.99,1.34,70.85,0.3,42.69,149.26,735.97,-0.33,32.76,0.1
2024-08-06,42.41,138.71,16.56,27.55,28.11,23.1,27.21,0.82,61.86,0.28,40.11,1.29,68.27,0.3,57.21,153.56,736.16,-0.22,33.44,0.1
2024-08-07,38.81,99.93,22.94,29.05,34.11,25.46,24.84,0.37,61.41,0.24,37.85,1.15,77.44,0.3,51.65,133.24,736.0,-0.22,31.78,0.1
2024-08-08,32.03,61.71,12.48,25.61,23.76,23.6,26.95,0.35,62.06,0.2,39.2,0.93,77.62,0.3,33.56,155.62,736.01,-0.23,32.1,0.1
2024-08-09,39.98,73.5,22.33,27.73,32.91,22.64,27.43,0.52,61.39,0.33,40.97,1.08,80.21,0.3,37.85,130.01,736.09,-0.21,31.98,0.1
2024-08-10,50.12,90.79,29.21,29.33,39.36,23.67,27.76,0.73,61.49,0.4,39.65,1.37,81.26,0.3,116.39,141.55,736.0,-0.18,32.0,0.1
2024-08-11,44.19,73.59,31.49,30.55,40.14,29.0,23.72,1.39,60.45,0.35,37.92,1.24,83.39,0.3,183.77,133.82,736.02,-0.19,31.57,0.1
2024-08-12,45.21,82.42,36.09,43.46,62.81,27.6,26.26,0.46,59.75,0.33,39.25,1.31,82.57,0.3,347.25,147.39,736.0,-0.21,31.63,0.1
2024-08-13,45.54,87.02,36.49,97.33,104.73,49.5,24.04,1.07,65.16,1.76,74.33,6.93,79.24,0.3,348.56,146.52,735.74,-0.23,32.24,0.1
2024-08-14,51.59,125.43,29.36,68.03,64.63,25.99,6.2,0.84,77.03,2.72,110.37,774.82,74.86,0.3,351.69,151.46,735.72,-0.2,33.18,0.1
2024-08-15,39.88,110.61,23.45,57.38,61.98,34.15,4.15,4.01,81.01,2.94,206.27,398.58,74.94,0.3,357.75,147.91,735.85,-0.23,33.14,0.1
2024-08-16,38.26,124.62,44.35,111.83,130.96,53.02,2.84,4.03,79.7,1.81,71.35,22.33,71.22,0.3,358.9,157.61,735.7,-0.23,33.57,0.1
2024-08-17,57.03,236.15,48.53,87.24,112.9,30.89,5.96,1.02,85.26,1.0,57.18,1.95,70.36,0.3,359.0,139.36,735.7,-0.17,33.65,0.1
2024-08-18,52.79,208.8,95.6,102.42,140.62,21.45,4.94,1.04,91.43,0.56,37.85,1.85,75.35,0.3,359.0,148.97,735.55,-0.17,33.23,0.1
2024-08-19,45.08,143.52,95.67,65.58,118.23,32.68,5.62,1.22,92.89,0.44,36.22,1.61,72.47,0.3,358.98,143.14,735.57,-0.13,33.61,0.1
2024-08-20,41.4,131.86,64.62,84.82,102.75,30.98,2.7,1.02,86.79,0.43,34.28,1.02,78.0,0.3,359.0,126.8,735.77,-0.17,31.98,0.1
2024-08-21,46.87,149.2,56.84,78.11,92.37,25.9,2.76,0.86,85.27,0.4,33.05,0.9,68.9,0.3,358.98,150.72,735.81,-0.17,33.63,0.1
2024-08-22,51.65,265.98,66.49,105.69,115.64,25.54,1.89,0.53,70.91,0.38,32.88,0.79,67.85,0.3,340.5,147.17,735.81,-0.17,33.92,0.1
2024-08-23,55.82,181.81,49.09,98.7,89.54,26.94,6.43,1.04,71.43,0.65,35.81,101.75,78.99,0.3,215.98,136.16,737.76,-0.18,31.96,0.1
2024-08-24,68.09,176.57,29.92,88.03,77.5,29.96,3.65,1.3,73.08,1.45,41.6,682.31,77.39,0.61,29.67,147.15,741.79,-0.15,33.98,0.1
2024-08-25,44.96,120.76,25.37,84.23,73.04,32.57,5.26,0.98,69.52,0.27,36.01,0.71,70.57,2.83,88.63,152.36,736.46,-0.2,33.83,0.1
2024-08-26,43.71,109.96,18.52,50.92,46.19,29.86,2.6,1.0,70.9,0.25,33.43,0.53,71.86,2.79,96.18,150.57,736.37,-0.22,33.4,0.1
2024-08-27,30.65,81.59,23.54,90.49,70.1,36.52,0.5,0.91,66.9,0.2,31.36,0.44,70.99,2.94,105.48,146.99,736.53,-0.29,33.23,0.1
2024-08-28,32.83,129.45,16.93,67.29,47.8,22.44,3.79,0.51,58.43,0.26,29.54,0.58,73.74,2.03,104.65,151.22,736.33,-0.18,32.77,0.1
2024-08-29,41.51,94.22,49.68,74.51,74.94,23.14,2.01,0.85,56.18,0.44,30.49,1.29,81.66,1.61,101.47,131.47,736.4,-0.19,31.58,0.1
2024-08-30,62.36,221.44,56.4,89.36,90.83,29.02,6.79,0.88,59.59,0.69,32.14,1.53,71.49,0.93,161.47,132.82,736.47,-0.14,33.94,0.1
2024-08-31,53.4,253.42,50.76,76.22,80.02,19.72,7.62,1.05,64.53,0.49,27.54,0.89,68.22,0.8,124.66,155.87,736.79,-0.07,34.79,0.1
2024-09-01,57.02,322.9,29.22,79.45,69.6,28.66,17.12,0.82,66.31,0.27,22.27,0.52,67.03,1.0,113.17,151.26,738.92,-0.09,35.39,0.76
2024-09-02,48.94,112.68,19.04,51.94,43.51,25.69,15.12,0.75,61.89,0.08,8.79,0.16,71.46,2.47,121.42,138.43,740.26,-0.22,34.24,0.76
2024-09-03,40.3,129.36,20.61,59.47,44.49,26.4,15.09,0.82,57.21,0.11,12.71,0.19,69.27,2.02,120.98,139.85,741.39,-0.17,34.93,0.76
2024-09-04,30.51,118.91,64.38,72.18,89.07,22.11,2.3,1.37,35.53,0.0,0.0,0.0,82.4,1.05,146.52,131.65,740.64,-0.11,32.33,0.76
2024-09-05,59.69,140.53,69.26,105.75,115.81,32.81,2.34,2.25,35.31,0.42,18.84,0.76,77.69,0.75,144.85,141.84,740.5,-0.12,33.14,0.76
2024-09-06,51.8,105.05,47.93,76.05,93.01,30.34,4.15,1.74,35.59,0.45,27.56,1.05,81.99,1.7,128.52,140.61,741.47,-0.17,32.67,0.76
2024-09-07,44.29,109.64,39.85,76.38,74.1,18.12,7.48,1.33,18.33,0.4,30.41,0.82,80.67,1.32,92.78,124.73,742.67,-0.12,32.87,0.76
2024-09-08,73.13,224.71,83.82,93.64,118.89,34.9,8.08,1.73,18.23,0.65,26.07,1.27,82.07,0.76,79.09,136.74,743.19,-0.11,33.15,0.76
2024-09-09,81.25,232.25,62.41,97.74,99.26,25.12,11.71,1.63,18.3,0.61,25.22,1.37,78.72,0.74,115.97,142.64,743.57,-0.11,34.03,0.76
2024-09-10,73.0,140.18,47.9,55.76,70.0,24.42,11.16,1.64,25.85,0.54,30.39,1.78,79.58,1.08,258.88,123.7,743.93,-0.15,33.31,0.76
2024-09-11,69.0,141.3,42.06,51.34,62.68,21.77,10.25,1.69,32.0,0.5,29.66,1.64,78.79,1.16,252.45,113.11,741.83,-0.68,32.9,0.76
2024-09-12,65.0,142.43,36.21,46.91,55.37,19.12,9.35,1.74,38.15,0.45,28.94,1.5,78.0,1.25,246.02,102.52,739.74,-1.22,32.5,0.76
2024-09-13,61.0,143.55,30.36,42.48,48.06,16.46,8.44,1.78,44.3,0.4,28.21,1.36,77.21,1.33,239.59,91.94,737.64,-1.76,32.1,0.76
2024-09-14,57.0,144.67,24.52,38.06,40.74,13.81,7.53,1.83,50.45,0.36,27.48,1.22,76.42,1.41,233.16,81.35,735.55,-2.29,31.69,0.76
2024-09-15,97.07,232.39,58.27,47.89,73.88,25.04,7.44,1.89,69.14,5.54,20.3,12.67,71.74,0.82,228.16,142.75,735.33,-1.64,32.76,0.76
2024-09-16,176.43,443.75,88.83,58.07,96.46,22.43,7.52,1.85,53.07,11.98,21.28,15.52,69.52,0.83,241.2,132.05,735.28,-1.74,33.06,0.76
2024-09-17,143.8,383.07,94.49,55.69,106.53,28.53,7.47,1.09,47.77,1.1,31.44,241.96,71.9,0.81,201.04,146.71,735.03,-1.6,33.17,0.76
2024-09-18,43.2,71.2,35.38,53.73,50.32,30.45,7.4,1.71,52.39,0.27,23.48,1.25,83.98,2.19,228.39,160.26,735.35,-3.79,29.65,0.76
2024-09-19,55.03,94.12,34.53,57.1,60.21,22.71,7.63,1.82,48.57,0.29,24.64,0.79,80.51,1.7,245.7,135.43,735.28,-2.93,31.2,0.76
2024-09-20,78.64,222.08,59.58,71.89,99.84,37.51,7.7,2.02,47.59,0.55,19.07,1.06,70.2,1.14,206.99,142.15,735.21,-2.2,33.06,0.76
2024-09-21,173.48,295.5,74.31,72.0,90.44,19.87,7.64,1.97,48.11,0.56,18.1,0.98,67.25,0.83,98.95,142.44,735.0,-1.84,33.91,0.76
2024-09-22,245.85,653.1,98.35,64.63,120.03,27.53,7.49,2.46,48.66,0.75,18.03,1.28,68.41,0.6,56.87,178.94,735.09,-1.5,34.54,0.76
2024-09-23,248.46,629.42,63.49,61.08,89.42,23.11,7.61,2.21,95.08,0.38,9.02,0.64,64.96,0.64,75.77,163.55,735.27,-1.52,35.31,0.76
2024-09-24,251.07,605.73,28.63,57.52,58.82,18.69,7.73,1.96,141.49,0.0,0.01,0.0,61.51,0.69,94.67,148.16,735.44,-1.55,36.08,0.76
2024-09-25,159.86,374.41,37.71,52.49,56.07,25.26,8.48,1.0,56.03,0.0,0.0,0.0,69.04,1.87,155.47,137.67,735.39,-3.49,34.13,0.76
2024-09-26,34.33,100.94,11.2,32.42,30.52,29.99,15.58,1.18,74.25,0.0,0.11,0.0,71.38,2.12,191.64,129.31,735.53,-3.12,33.34,0.76
2024-09-27,26.31,94.48,9.08,28.0,22.05,22.73,12.52,0.91,92.48,0.13,5.18,2.81,67.49,2.69,112.97,137.22,735.46,-4.43,33.14,0.76
2024-09-28,71.55,83.32,11.36,37.57,29.22,19.47,12.89,0.79,110.7,0.25,10.26,5.63,69.99,2.19,122.11,136.12,735.45,-3.15,32.31,0.76
2024-09-29,48.5,217.84,23.66,29.42,34.89,18.87,12.86,0.77,128.92,0.38,15.33,8.44,69.97,1.52,248.7,134.81,735.71,-2.11,32.87,0.76
2024-09-30,82.91,352.36,49.32,43.65,63.31,21.57,18.29,1.15,61.06,0.5,20.41,11.26,68.27,0.78,144.06,138.41,735.59,-1.46,33.66,0.76
2024-10-01,92.42,404.48,40.94,55.55,62.85,20.41,16.46,1.04,65.43,0.63,25.48,14.07,66.16,0.84,97.06,141.32,735.53,-1.51,34.12,2.07
2024-10-02,105.91,504.06,104.64,58.41,116.84,21.44,90.64,1.53,63.96,0.7,16.96,0.66,61.98,0.74,127.18,138.44,735.53,-1.5,34.68,2.07
2024-10-03,101.78,546.92,122.93,61.75,132.78,23.51,25.91,1.42,75.04,0.61,17.93,0.45,57.9,0.72,116.29,137.21,735.45,-1.46,34.36,2.07
2024-10-04,107.07,571.72,139.55,55.2,142.82,32.63,33.45,1.5,85.87,0.0,0.05,0.0,61.23,0.73,171.09,139.88,735.64,-1.54,34.25,2.07
2024-10-05,105.39,468.37,113.44,62.54,136.86,27.07,14.0,1.88,96.17,2.5,19.12,16.1,60.56,0.81,172.39,133.52,735.45,-1.52,34.37,2.07
2024-10-06,65.12,507.79,82.82,53.05,95.61,24.63,49.75,2.21,78.56,3.11,52.19,0.36,57.64,1.03,170.8,135.85,735.53,-1.77,34.25,2.07
2024-10-07,67.51,385.73,43.39,56.72,71.05,23.7,13.67,1.82,86.75,3.34,89.36,0.65,57.41,0.73,196.18,134.77,735.6,-1.5,33.79,2.07
2024-10-08,131.74,495.49,53.59,73.64,82.22,22.22,11.19,2.03,87.31,4.75,122.48,6.54,56.72,0.74,218.82,126.96,735.24,-1.47,33.63,2.07
2024-10-09,72.76,378.8,43.07,64.79,70.42,22.48,48.76,1.79,80.26,4.52,117.84,11.29,52.36,0.87,173.1,135.54,734.66,-1.51,34.32,2.07
2024-10-10,71.27,369.49,37.82,70.32,71.34,24.59,19.24,1.69,65.15,4.2,114.89,10.59,53.87,0.87,180.58,133.03,734.97,-1.5,33.18,2.07
2024-10-11,79.08,417.92,38.75,91.23,79.87,31.51,15.01,1.74,54.96,4.79,101.18,10.75,54.69,0.8,165.81,134.2,735.0,-1.53,32.59,2.07
2024-10-12,113.47,492.45,98.48,84.47,133.03,27.87,9.98,2.23,66.82,5.48,95.97,14.51,55.15,0.64,198.18,130.34,735.01,-1.45,32.37,2.07
2024-10-13,177.14,524.0,163.35,81.73,191.37,24.12,17.11,3.2,58.01,8.22,98.24,24.87,52.31,0.59,230.26,133.48,735.02,-1.44,32.46,2.07
2024-10-14,192.01,555.23,158.25,99.92,199.76,34.84,12.54,2.83,178.79,6.77,119.76,22.65,51.8,0.56,232.36,132.08,735.07,-1.44,32.24,2.07
2024-10-15,140.75,562.77,140.07,94.23,164.0,42.78,12.12,2.57,130.48,7.56,88.89,21.35,52.37,0.67,198.27,129.96,735.02,-1.49,32.01,2.07
2024-10-16,143.03,578.5,151.07,113.88,183.39,44.06,19.47,2.75,82.16,6.47,89.26,28.69,53.24,0.6,167.74,131.28,735.02,-1.48,32.23,2.07
2024-10-17,187.86,640.19,157.15,90.29,192.95,57.3,27.07,3.21,33.85,7.54,111.14,38.22,54.72,0.64,246.39,126.65,735.0,-1.51,32.52,2.07
2024-10-18,206.94,637.88,212.26,82.95,249.65,64.66,17.5,3.72,48.82,7.71,127.58,45.55,55.01,0.56,228.29,126.45,735.07,-1.48,32.75,2.07
2024-10-19,192.8,635.98,196.41,89.63,213.29,66.83,20.48,2.92,26.67,7.78,119.41,36.88,54.57,0.64,232.7,133.22,735.03,-1.48,33.2,2.07
2024-10-20,203.07,516.84,138.34,79.09,154.54,81.82,17.06,2.99,54.84,5.47,120.58,25.98,59.86,0.95,247.77,126.05,735.6,-1.83,32.78,2.07
2024-10-21,188.37,404.88,74.83,86.88,107.06,74.66,22.94,2.3,107.38,4.57,117.58,21.51,61.77,1.21,247.03,126.64,735.43,-1.84,32.39,2.07
2024-10-22,208.1,557.96,127.95,99.69,157.07,68.84,13.03,2.64,26.06,4.9,117.98,24.43,62.49,0.59,219.32,125.53,735.83,-1.42,31.16,2.07
2024-10-23,172.33,563.92,96.65,108.06,136.06,85.54,12.82,2.57,11.73,6.42,96.61,18.56,59.39,0.78,129.25,124.99,735.97,-1.53,30.34,2.07
2024-10-24,166.01,470.65,122.76,119.75,163.48,64.45,15.6,2.27,13.39,5.11,94.78,15.21,55.82,0.8,96.08,127.88,736.25,-1.48,30.43,2.07
2024-10-25,160.44,451.88,146.64,134.08,190.2,63.05,15.53,2.23,11.73,5.35,91.05,15.72,52.89,0.82,124.52,127.57,736.03,-1.55,30.17,2.07
2024-10-26,227.8,520.01,176.67,157.02,221.93,67.82,17.9,2.85,22.05,6.26,89.44,22.12,56.14,0.81,164.32,128.39,736.19,-1.51,29.53,2.07
2024-10-27,223.81,418.59,157.78,131.48,197.91,100.56,14.2,3.03,26.29,5.24,102.66,27.92,63.01,0.91,247.78,124.61,736.72,-1.66,30.0,2.07
2024-10-28,173.43,358.81,119.61,107.14,154.24,82.09,13.46,2.37,7.54,4.77,99.08,18.36,61.54,0.99,243.78,103.92,736.01,-1.8,30.01,2.07
2024-10-29,162.3,419.21,133.07,69.94,145.35,52.44,8.09,2.45,11.95,4.61,102.07,22.92,60.31,0.84,234.35,125.51,735.81,-1.67,30.7,2.07
2024-10-30,224.5,544.54,129.76,82.63,149.45,57.39,14.03,2.98,48.25,7.04,113.17,33.3,58.61,0.66,166.44,120.29,735.72,-1.47,30.85,2.07
2024-10-31,242.08,485.38,115.82,72.46,132.71,52.23,8.44,2.59,13.8,6.04,86.41,20.18,56.92,0.76,120.72,121.79,735.84,-1.5,30.46,2.07
2024-11-01,279.15,499.55,97.48,69.09,127.43,35.2,16.12,2.78,11.73,5.59,78.69,13.02,50.52,0.83,210.1,127.76,735.96,-1.54,29.51,3.62
2024-11-02,307.43,559.52,181.68,83.64,192.2,45.74,9.91,2.78,35.69,7.68,91.21,21.83,52.94,0.5,234.15,120.81,734.92,-1.46,28.95,3.62
2024-11-03,314.47,599.32,202.11,90.9,227.33,49.67,13.03,3.26,90.0,8.41,100.05,28.58,56.5,0.51,245.12,123.25,735.07,-1.45,28.52,3.62
2024-11-04,337.88,621.61,211.38,103.11,251.84,62.41,15.58,3.88,16.38,9.34,104.3,34.76,61.1,0.55,239.72,122.01,735.17,-1.46,28.28,3.62
2024-11-05,274.57,557.7,119.49,90.92,181.36,74.29,17.46,3.81,60.77,7.46,140.42,41.22,60.67,0.95,246.47,143.67,735.18,-1.61,28.68,3.62
2024-11-06,254.62,557.67,173.85,111.32,200.56,58.61,8.47,2.61,90.17,6.04,92.78,32.9,55.02,0.58,193.08,132.9,736.02,-1.44,30.08,3.62
2024-11-07,295.59,605.25,230.74,82.38,243.45,76.31,15.15,3.48,41.65,6.96,97.92,36.04,64.97,0.7,241.14,115.07,735.2,-1.5,28.3,3.62
2024-11-08,264.41,468.6,143.85,72.91,155.71,73.81,12.49,2.82,12.92,6.36,75.93,26.37,66.56,0.88,240.81,116.86,735.23,-1.62,28.4,3.62
2024-11-09,208.84,366.86,62.78,73.85,90.33,64.91,12.64,2.14,12.12,4.97,87.78,30.1,61.98,1.41,241.67,116.92,735.26,-2.0,29.07,3.62
2024-11-10,208.43,372.22,76.43,78.68,103.99,56.25,16.18,2.21,34.15,4.96,99.31,37.36,63.58,1.18,245.29,115.77,735.4,-1.6,28.67,3.62
2024-11-11,247.74,488.62,152.04,91.78,172.43,57.96,14.46,2.88,96.66,6.15,116.8,36.16,65.07,0.78,183.71,115.15,735.21,-1.53,28.24,3.62
2024-11-12,243.75,484.29,160.13,90.0,178.07,55.78,10.48,2.83,19.48,6.43,116.39,34.76,59.06,0.69,146.21,115.77,735.45,-1.5,28.61,3.62
2024-11-13,511.37,680.32,69.7,87.88,103.42,53.65,12.22,3.47,11.6,10.01,89.51,19.96,73.45,0.74,200.1,107.73,735.2,-1.45,26.49,3.62
2024-11-14,325.63,550.97,117.52,90.75,157.96,50.62,14.6,3.71,21.36,9.81,86.56,27.07,69.93,0.85,247.02,114.16,735.22,-1.59,26.05,3.62
2024-11-15,397.62,600.21,91.22,96.03,125.25,52.8,10.06,3.16,11.55,9.22,78.49,31.82,63.4,0.6,219.99,114.62,735.48,-1.46,26.89,3.62
2024-11-16,437.37,686.6,165.19,105.9,190.33,53.73,17.11,3.55,13.37,8.36,77.71,30.43,62.73,0.51,120.98,115.79,735.42,-1.44,26.81,3.62
2024-11-17,475.85,679.75,123.25,101.73,154.38,63.69,7.49,3.54,12.71,10.16,79.47,28.19,65.58,0.69,200.65,114.42,735.48,-1.46,26.07,3.62
2024-11-18,672.88,838.52,13.14,96.34,55.16,54.69,17.75,3.6,12.73,10.29,66.45,17.94,74.45,0.65,227.88,111.56,735.39,-1.45,24.38,3.62
2024-11-19,427.95,592.56,12.44,112.09,62.9,53.28,15.07,3.52,10.63,9.11,77.9,29.23,68.4,0.55,237.62,117.12,735.52,-1.47,24.45,3.62
2024-11-20,301.59,547.33,11.89,112.71,63.83,51.51,10.59,3.39,15.11,8.51,78.66,30.96,62.53,0.57,232.92,117.64,735.43,-1.49,24.49,3.62
2024-11-21,242.8,490.41,14.9,116.22,64.46,60.09,10.45,4.44,15.62,9.39,83.07,44.05,62.72,0.57,140.74,117.89,735.41,-1.53,24.57,3.62
2024-11-22,336.73,607.54,13.6,129.75,72.91,61.52,6.75,4.36,13.44,8.91,81.72,41.2,62.59,0.51,65.95,115.48,735.47,-1.61,24.82,3.62
2024-11-23,318.4,625.99,9.38,125.89,67.79,70.0,16.87,5.28,18.42,9.76,98.01,72.07,64.34,0.57,134.39,116.98,735.4,-1.68,25.18,3.62
2024-11-24,193.58,414.58,10.05,49.15,30.91,35.39,10.52,3.88,12.43,7.62,78.69,44.72,58.71,0.58,212.57,115.92,735.52,-1.7,25.61,3.62
2024-11-25,291.87,517.23,53.51,34.63,51.59,12.66,14.26,3.2,6.43,6.52,71.11,39.38,64.24,0.61,140.81,115.01,735.58,-1.67,25.11,3.62
2024-11-26,164.78,397.95,21.96,83.09,61.18,20.35,13.95,2.9,8.06,3.49,54.0,36.88,55.47,0.59,116.29,128.78,737.18,-1.72,27.48,3.62
2024-11-27,153.44,393.18,5.37,126.48,71.65,25.0,17.19,3.0,13.69,0.18,1.71,6.3,53.23,0.63,193.41,163.05,737.95,-1.77,26.49,3.62
2024-11-28,238.85,484.17,6.33,179.24,100.43,32.2,20.85,3.65,10.0,0.3,3.05,1.36,61.8,0.56,244.16,113.37,739.29,-1.85,24.78,3.62
2024-11-29,257.73,508.62,7.18,221.28,123.47,37.56,21.71,3.79,22.81,0.35,7.93,2.7,61.57,0.51,242.37,114.25,740.2,-1.9,24.77,3.62
2024-11-30,247.38,502.99,6.88,315.54,180.03,48.12,31.28,5.47,6.83,0.49,9.65,3.99,64.17,0.51,248.66,108.0,740.59,-1.99,24.72,3.62
2024-12-01,163.92,348.79,4.57,165.84,92.04,57.43,15.27,2.67,8.13,0.25,4.55,1.84,63.2,0.57,240.26,111.44,740.85,-2.03,25.36,2.7
2024-12-02,150.88,342.39,5.01,187.57,102.7,52.93,17.07,2.98,7.13,0.23,4.28,1.82,63.51,0.56,167.61,113.14,743.17,-2.01,25.62,2.7
2024-12-03,151.9,340.21,4.59,173.63,93.51,54.67,15.55,2.72,5.87,0.31,4.9,2.02,63.32,0.64,150.55,110.47,748.47,-2.05,26.35,2.7
2024-12-04,68.01,202.25,4.3,89.12,47.22,43.04,6.25,1.09,10.62,0.12,1.84,0.52,51.13,1.02,192.96,130.04,740.13,-2.15,26.37,2.7
2024-12-05,95.74,255.4,4.33,156.77,83.43,40.56,9.07,1.59,9.84,0.17,2.85,0.99,49.16,0.87,205.29,120.95,739.79,-2.18,24.59,2.7
2024-12-06,119.72,318.52,7.25,195.81,122.14,48.67,13.88,2.43,8.81,0.21,3.5,1.36,53.66,0.73,201.87,111.19,739.97,-2.18,23.84,2.7
2024-12-07,168.72,413.08,8.38,236.65,170.72,54.19,21.82,3.81,11.11,0.96,11.63,9.85,55.91,0.59,201.41,112.33,740.17,-2.23,23.32,2.7
2024-12-08,230.85,436.62,3.06,184.0,98.98,68.82,20.65,3.61,31.37,1.7,19.77,18.35,56.72,1.52,249.31,109.44,739.86,-3.63,23.54,2.7
2024-12-09,84.03,167.46,4.13,104.87,56.81,55.32,13.19,2.3,18.03,2.45,27.9,26.84,64.52,1.03,222.47,153.03,740.12,-2.43,22.97,2.7
2024-12-10,110.6,230.25,6.84,124.14,67.8,47.52,7.89,1.38,9.52,3.2,36.03,35.33,54.27,0.86,187.08,120.16,740.08,-2.2,22.91,2.7
2024-12-11,106.75,256.08,10.65,153.39,134.94,53.78,8.84,1.48,10.64,3.2,44.17,43.83,46.9,0.83,225.68,120.75,740.46,-1.97,22.55,2.7
2024-12-12,161.35,329.77,14.62,281.75,174.34,95.8,6.94,1.21,9.83,5.29,52.3,52.32,52.91,0.67,235.74,120.88,740.54,-1.9,22.15,2.7
2024-12-13,118.46,250.96,13.28,225.05,125.84,95.84,6.43,1.12,13.99,3.88,52.64,8.88,50.44,1.19,224.09,121.65,740.36,-2.17,13.26,2.7
2024-12-14,113.58,267.87,105.58,168.15,165.49,71.75,13.64,1.62,11.16,4.25,54.77,13.34,50.02,0.86,230.69,120.89,740.51,-1.84,13.0,2.7
2024-12-15,206.11,428.21,82.01,47.72,92.05,24.51,12.07,2.12,9.01,5.98,58.72,19.68,54.88,0.53,206.12,121.45,740.47,-1.75,12.7,2.7
2024-12-16,388.3,628.85,138.3,67.87,148.54,34.86,15.03,4.12,9.69,8.49,66.72,39.78,66.87,0.47,230.16,117.68,740.39,-1.87,12.26,2.7
2024-12-17,482.74,683.83,165.05,113.82,194.73,50.36,19.39,6.0,12.29,8.57,82.8,339.74,71.95,0.68,181.67,84.58,740.02,-2.16,12.52,2.7
2024-12-18,443.15,614.33,122.5,166.93,154.14,83.67,10.82,3.54,6.43,9.79,67.13,38.54,73.51,0.49,38.88,42.82,740.03,-1.84,13.88,2.7
2024-12-19,438.5,608.04,204.9,240.44,256.61,103.62,12.21,3.92,17.82,8.89,76.29,42.38,71.68,0.92,165.67,42.68,740.25,-2.34,13.79,2.7
2024-12-20,332.52,489.76,81.29,131.14,135.84,76.01,16.62,1.5,39.87,7.25,65.66,27.1,68.67,0.53,249.81,42.52,740.09,-1.8,14.63,2.7
2024-12-21,254.38,405.96,125.4,148.94,177.31,77.91,6.46,2.51,7.71,6.19,55.79,25.43,66.23,0.6,188.49,42.9,740.06,-1.79,14.65,2.7
2024-12-22,368.79,554.21,177.61,202.88,204.36,89.07,7.76,4.57,15.48,7.68,70.91,37.17,67.53,0.75,247.93,42.86,740.14,-1.92,14.41,2.7
2024-12-23,309.17,434.29,72.47,130.43,128.3,97.48,14.16,2.14,13.5,6.12,67.01,25.12,71.34,1.12,241.4,35.77,739.86,-2.17,14.04,2.7
2024-12-24,212.86,303.04,59.49,105.28,104.37,80.49,5.51,1.54,12.05,5.46,53.34,16.56,70.41,1.11,251.0,42.48,740.29,-2.12,14.56,2.7
2024-12-25,213.58,310.46,133.77,132.38,179.18,95.12,9.68,1.93,4.64,6.12,53.07,24.31,75.76,0.52,158.1,44.5,740.06,-1.76,14.5,2.7
2024-12-26,258.46,409.12,152.36,147.21,202.18,93.27,5.97,2.34,5.81,6.2,58.8,30.79,70.36,0.59,242.79,43.23,740.07,-1.77,14.91,2.7
2024-12-27,201.56,240.34,56.41,93.86,95.78,98.62,6.33,1.29,7.82,4.87,66.18,15.27,85.92,1.6,240.99,18.47,740.51,-3.25,13.85,2.7
2024-12-28,111.92,151.11,93.26,97.74,127.79,82.53,11.67,1.37,2.61,4.28,60.33,28.66,90.09,0.6,212.98,31.43,740.03,-1.84,13.98,2.7
2024-12-29,123.29,178.12,57.66,75.84,87.24,72.08,1.54,1.23,3.85,2.8,48.33,11.57,84.74,1.05,222.97,41.78,740.0,-1.96,13.84,2.7
2024-12-30,106.01,181.87,49.98,67.24,76.41,57.98,4.7,1.64,4.57,2.15,41.54,6.42,79.71,1.03,194.38,55.83,739.99,-1.87,12.87,2.7
2024-12-31,236.47,380.2,68.07,70.94,93.08,58.2,9.51,2.39,5.52,4.22,44.31,14.67,74.44,0.84,238.19,61.56,740.08,-1.79,13.02,2.7
2025-01-01,207.96,327.35,76.34,70.21,99.41,74.43,12.16,2.13,4.17,4.15,43.95,8.94,78.91,0.7,217.51,46.32,739.98,-1.72,12.25,5.46
2025-01-02,208.17,319.46,66.57,67.96,85.17,83.13,7.86,2.16,4.55,4.13,40.82,6.2,80.2,0.75,179.94,54.79,739.97,-1.74,12.3,5.46
2025-01-03,470.81,675.09,163.89,117.78,176.84,117.57,23.07,3.04,5.39,7.07,63.73,25.28,80.02,0.54,244.63,58.1,739.83,-1.74,14.15,5.46
2025-01-04,358.85,454.33,94.8,82.99,130.12,118.83,12.07,2.78,7.14,9.09,69.52,21.33,87.75,1.46,250.26,49.25,739.49,-2.28,12.97,5.46
2025-01-05,190.02,269.27,36.41,54.28,58.45,58.02,9.62,1.73,5.16,4.95,41.19,7.37,80.54,1.91,235.91,59.09,739.22,-3.13,12.97,5.46
2025-01-06,226.06,325.59,61.16,68.1,85.98,65.38,10.17,2.3,4.01,5.01,45.52,7.8,83.11,0.99,226.18,40.99,739.01,-1.96,13.2,5.46
2025-01-07,211.79,336.69,127.29,69.54,132.58,78.1,19.46,1.74,4.03,4.01,43.88,10.06,83.45,0.8,245.21,62.89,739.09,-1.88,12.99,5.46
2025-01-08,205.46,375.4,133.93,79.28,143.84,58.02,17.23,2.37,7.33,4.56,43.24,12.75,62.33,0.74,218.12,71.96,739.21,-1.9,14.39,5.46
2025-01-09,436.83,636.49,275.21,69.75,260.84,58.84,25.48,4.57,7.48,8.2,75.32,33.87,77.91,0.76,167.3,48.87,739.43,-1.97,13.12,5.46
2025-01-10,353.12,467.82,127.33,49.26,121.61,63.66,31.18,3.14,6.84,6.67,58.61,20.31,89.0,1.11,238.38,42.59,739.09,-2.15,12.14,5.46
2025-01-11,207.29,262.53,60.97,52.71,78.45,52.51,9.59,1.85,3.86,5.42,53.8,15.42,87.26,1.35,240.03,11.81,739.9,-2.68,12.52,5.46
2025-01-12,204.3,274.62,71.24,54.85,87.1,52.12,8.59,2.42,3.84,4.2,48.14,13.62,81.95,0.53,225.48,41.61,739.31,-1.62,13.63,5.46
2025-01-13,183.11,297.05,71.39,60.9,84.24,51.08,71.85,2.06,3.07,3.72,42.58,10.31,79.83,0.79,232.16,55.97,739.85,-1.68,13.96,5.46
2025-01-14,256.15,388.28,96.56,59.76,110.3,50.32,167.86,2.64,3.33,5.02,42.66,11.13,83.46,0.65,232.62,39.3,740.0,-1.57,12.85,5.46
2025-01-15,417.56,540.67,180.67,52.63,174.88,61.99,28.19,4.74,9.03,6.67,57.55,25.45,88.82,0.62,140.31,75.18,740.0,0.77,17.47,5.46
2025-01-16,267.42,346.21,86.67,55.85,100.17,43.86,16.01,3.67,7.61,4.17,54.62,14.68,82.99,0.37,7.99,117.95,740.0,18.87,23.9,5.46
2025-01-17,207.21,297.6,69.25,47.93,81.8,47.07,20.47,3.19,4.36,5.22,49.07,15.53,89.12,0.3,7.1,51.09,740.0,26.35,22.57,5.46
2025-01-18,199.73,329.37,65.31,46.76,77.98,41.24,15.05,2.71,7.01,3.38,39.55,8.84,79.0,0.37,7.12,126.17,740.0,23.37,24.34,5.46
2025-01-19,308.28,506.62,144.12,73.78,166.25,60.05,11.33,4.23,7.72,5.9,50.91,18.3,74.66,0.3,6.8,125.32,740.0,12.63,26.44,5.46
2025-01-20,202.96,350.04,143.52,89.81,164.5,77.9,63.93,3.18,4.84,3.84,43.26,13.28,72.12,0.33,6.73,119.45,740.0,42.4,26.84,5.46
2025-01-21,165.15,305.78,108.37,100.43,141.5,65.54,9.35,2.12,6.19,3.34,38.79,9.25,66.53,0.34,5.57,126.58,739.05,58.81,26.53,5.46
2025-01-22,151.02,331.37,132.9,80.32,149.02,60.02,11.25,2.2,5.93,3.94,44.88,12.97,67.91,0.31,5.64,128.27,737.0,22.8,26.43,5.46
2025-01-23,140.54,250.42,117.24,78.05,136.82,59.98,7.32,2.03,5.48,4.01,55.07,16.5,66.11,0.34,4.95,128.31,737.01,35.6,26.77,5.46
2025-01-24,105.78,220.55,79.59,87.74,111.38,56.43,12.16,1.31,7.1,2.43,36.92,6.18,57.94,0.38,4.05,128.27,736.77,50.04,26.16,5.46
2025-01-25,104.53,270.31,76.77,80.29,105.14,50.01,16.06,1.46,7.43,2.25,33.1,4.11,57.87,0.41,3.72,142.93,736.56,41.38,24.79,5.46
2025-01-26,193.3,428.0,389.27,136.49,389.07,54.55,10.18,2.91,4.45,5.44,40.38,16.74,64.5,0.3,8.53,5.0,736.75,2.73,23.46,5.46
2025-01-27,163.89,366.38,213.67,115.43,238.25,57.73,7.12,2.46,5.73,3.76,38.66,11.16,63.46,0.33,4.71,100.78,736.5,19.55,24.26,5.46
2025-01-28,168.43,384.07,151.25,131.44,189.31,56.7,9.83,2.79,7.42,4.23,42.01,12.37,60.12,0.31,5.12,130.87,736.58,20.05,25.39,5.46
2025-01-29,264.51,434.27,78.31,123.84,129.49,72.17,15.71,2.69,9.18,4.41,49.2,14.59,63.22,0.64,4.45,148.01,736.84,5.08,22.5,5.46
2025-01-30,201.45,327.71,95.25,102.65,131.46,70.34,24.63,2.21,6.36,3.11,43.51,8.29,68.01,0.55,5.43,127.48,736.89,19.04,21.39,5.46
2025-01-31,294.96,475.28,236.67,93.86,245.94,71.56,19.86,3.36,10.57,4.41,67.35,20.69,74.06,0.34,6.94,151.03,737.07,10.57,21.45,5.46
2025-02-01,357.27,537.13,88.71,106.93,129.01,59.46,12.91,3.15,7.14,6.1,44.02,12.66,70.19,0.31,8.09,280.19,737.0,30.13,22.46,3.16
2025-02-02,198.22,302.93,77.68,70.34,100.57,55.46,8.38,1.87,4.37,3.78,36.81,7.63,74.75,0.31,35.23,164.67,737.0,26.85,20.47,3.16
2025-02-03,179.73,281.64,58.84,187.1,62.34,110.69,4.59,0.47,1.21,24.62,9.94,5.96,55.95,26.84,34.56,237.67,737.03,16.3,22.74,3.16
2025-02-04,120.15,141.32,59.73,236.67,72.02,138.53,1.77,0.98,0.9,40.4,5.71,11.49,60.26,34.38,1.0,363.47,737.0,7.27,23.22,3.16
2025-02-05,60.58,1.0,55.44,232.23,70.74,135.52,1.79,0.87,0.9,35.24,3.29,6.25,68.96,34.52,1.02,258.63,737.0,6.84,20.15,3.16
2025-02-06,1.0,1.0,46.43,128.78,49.9,83.14,1.8,1.19,0.9,26.12,1.49,3.05,49.88,34.57,1.04,193.12,737.0,7.05,21.91,3.16
2025-02-07,75.74,194.11,68.0,86.49,101.29,35.26,4.45,1.02,6.89,1.73,28.37,3.96,47.8,0.52,357.56,161.78,736.93,1.35,21.35,3.16
2025-02-08,92.55,246.29,124.17,95.78,151.89,34.76,8.98,1.42,6.16,2.45,32.55,6.53,51.11,0.38,357.78,121.23,737.0,1.27,21.23,3.16
2025-02-09,140.99,327.78,159.97,103.01,184.85,37.85,10.77,1.85,5.38,3.8,40.19,10.84,56.47,0.31,356.87,131.95,737.0,1.54,21.83,3.16
2025-02-10,168.25,438.34,208.2,106.32,225.8,41.07,9.63,2.25,5.57,3.9,42.66,16.69,58.16,0.32,265.78,130.8,737.06,1.33,22.16,3.16
2025-02-11,219.66,439.93,204.88,109.66,225.09,47.81,14.58,2.35,9.6,4.91,44.82,17.63,58.76,0.31,123.52,130.38,737.12,1.33,22.43,3.16
2025-02-12,99.96,276.45,101.59,66.28,117.88,43.62,8.98,1.18,9.96,2.88,35.45,9.89,54.74,0.49,87.51,133.76,737.56,1.53,22.09,3.16
2025-02-13,46.42,240.79,43.23,54.65,64.38,23.52,15.25,0.48,25.4,1.05,23.82,2.54,40.97,1.01,91.42,246.9,739.32,1.39,24.25,3.16
2025-02-14,68.31,187.69,103.84,76.21,125.08,24.81,18.57,0.9,9.15,2.13,31.77,7.74,50.75,0.37,108.68,76.71,739.97,1.35,21.21,3.16
2025-02-15,117.14,316.55,143.62,83.83,162.53,27.27,11.81,2.1,6.69,2.82,33.94,6.39,53.45,0.33,182.09,79.7,739.17,1.14,21.58,3.16
2025-02-16,189.0,355.54,100.01,73.31,120.29,40.52,12.51,1.77,14.0,2.87,40.01,14.31,59.4,0.33,125.71,129.36,739.22,1.53,22.56,3.16
2025-02-17,156.08,356.85,167.41,78.56,177.89,38.19,16.49,2.24,8.1,2.92,46.08,22.23,60.84,0.31,129.12,103.26,739.55,1.48,21.84,3.16
2025-02-18,94.45,259.63,97.42,70.17,117.56,36.32,18.7,2.01,8.92,5.4,39.2,13.52,46.48,0.42,98.1,208.65,739.33,1.45,25.02,3.16
2025-02-19,99.19,256.38,78.21,64.47,97.87,31.74,7.58,1.12,11.23,4.75,42.32,6.83,52.15,0.35,153.52,145.74,739.9,1.29,23.63,3.16
2025-02-20,70.3,152.47,19.6,41.27,36.98,40.73,12.76,0.49,14.41,1.91,35.48,2.92,52.75,2.67,171.85,288.1,739.5,1.42,24.52,3.16
2025-02-21,86.31,174.08,46.45,69.87,74.87,43.38,9.9,2.08,18.07,3.29,39.46,3.45,57.78,0.34,98.08,179.08,739.38,1.36,24.34,3.16
2025-02-22,60.04,131.12,59.61,57.08,78.84,32.32,8.2,1.51,9.06,2.25,32.89,2.97,69.36,0.35,78.47,100.16,740.42,1.39,21.06,3.16
2025-02-23,75.08,177.92,65.7,84.64,98.45,34.79,17.74,1.17,16.08,2.35,31.93,3.8,53.26,0.34,98.88,151.91,739.47,1.43,24.16,3.16
2025-02-24,127.33,244.56,123.38,91.65,149.06,43.48,8.62,1.72,12.04,3.9,33.91,4.22,63.1,0.31,90.43,154.83,740.3,1.47,22.52,3.16
2025-02-25,99.35,272.12,168.89,98.33,193.87,42.16,19.27,2.29,15.02,4.35,40.36,7.69,53.32,0.32,119.72,191.19,740.26,1.33,24.49,3.16
2025-02-26,142.38,346.75,189.12,110.35,212.44,51.86,22.0,3.79,11.56,4.72,57.33,11.87,57.02,0.39,192.8,114.36,739.64,1.48,24.52,3.16
2025-02-27,123.29,286.81,120.9,80.57,141.13,44.67,16.83,2.48,5.14,3.89,46.64,10.34,67.37,1.16,110.29,128.29,740.88,1.47,23.4,3.16
2025-02-28,85.46,131.46,27.21,54.96,51.34,56.72,20.15,1.75,5.86,3.3,39.8,6.49,74.59,0.89,154.35,3.47,736.29,1.32,21.94,3.16
2025-03-01,70.44,128.52,67.37,84.89,99.92,69.95,18.04,1.46,7.34,2.71,32.96,2.64,69.11,0.77,133.63,138.01,736.21,1.35,22.66,2.7
2025-03-02,85.46,192.38,116.9,105.2,150.98,57.79,26.86,1.54,10.12,2.87,26.48,2.49,57.84,0.44,104.28,141.77,735.99,1.35,22.32,2.7
2025-03-03,68.28,228.32,88.99,121.92,137.22,52.46,47.73,1.28,17.94,2.79,30.7,3.58,49.35,0.44,145.93,139.0,736.71,1.43,23.34,2.7
2025-03-04,60.29,193.92,92.36,97.52,126.97,60.16,14.11,1.46,12.34,2.76,27.04,2.17,57.29,0.7,121.74,142.34,741.0,1.37,23.41,2.7
2025-03-05,36.03,164.67,58.16,76.62,88.03,40.08,10.84,1.19,20.32,1.69,20.59,1.49,50.76,1.18,96.61,146.93,740.72,1.35,21.46,2.7
2025-03-06,60.8,208.88,115.29,96.94,144.08,40.48,28.63,2.16,19.11,2.74,25.19,4.14,46.12,0.62,104.69,135.1,741.44,1.39,22.29,2.7
2025-03-07,110.22,272.07,165.98,96.92,186.49,39.77,15.91,2.51,12.76,5.18,31.49,5.56,53.02,0.37,117.16,143.47,741.21,1.09,22.96,2.7
2025-03-08,83.38,238.5,124.23,89.04,155.34,40.39,5.1,1.92,13.64,3.73,27.64,2.88,53.12,0.37,179.52,143.14,740.66,1.44,23.66,2.7
2025-03-09,120.26,305.3,84.19,88.25,113.52,49.31,12.34,2.32,17.59,4.24,41.55,4.01,53.76,0.61,139.81,141.15,740.48,1.65,24.4,2.7
2025-03-10,99.5,237.91,22.03,75.22,57.92,47.04,22.78,1.8,25.76,3.79,20.94,3.03,51.52,0.9,153.05,143.91,740.88,1.35,25.74,2.7
2025-03-11,136.33,373.7,124.52,111.03,160.15,55.89,18.87,2.27,18.08,6.07,49.53,5.12,56.34,0.37,142.08,138.48,740.32,1.39,25.35,2.7
2025-03-12,94.47,270.39,78.91,87.58,110.72,50.6,7.21,1.49,12.56,3.48,28.71,2.98,56.21,0.35,90.59,142.03,741.45,1.44,25.35,2.7
2025-03-13,91.0,238.05,54.92,81.73,88.11,50.34,17.92,1.41,15.21,2.41,23.07,2.38,55.16,0.37,154.0,135.28,741.72,1.59,25.38,2.7
2025-03-14,108.17,212.54,57.11,82.02,90.06,63.75,18.63,2.39,14.84,3.69,19.75,1.01,55.59,0.47,148.82,130.67,738.15,1.52,24.99,2.7
2025-03-15,34.23,86.34,21.78,59.7,49.46,55.27,14.19,1.08,15.57,1.61,15.45,0.6,56.6,1.2,132.17,147.01,738.41,1.37,23.88,2.7
2025-03-16,43.39,124.22,48.38,75.87,79.69,43.36,13.76,1.17,15.41,1.87,16.97,1.54,53.95,0.36,86.98,143.51,738.4,1.38,24.16,2.7
2025-03-17,57.0,135.58,58.92,77.38,89.06,39.86,12.56,1.24,15.08,2.18,18.17,1.68,58.04,0.4,105.97,147.14,741.64,1.41,23.72,2.7
2025-03-18,51.23,135.62,55.94,78.03,86.97,31.05,12.77,1.35,17.2,2.63,20.56,2.44,54.61,0.41,90.2,145.46,745.94,1.46,24.53,2.7
2025-03-19,77.0,199.96,73.03,80.93,102.42,30.52,13.29,2.26,14.57,2.93,21.77,3.65,51.91,0.36,137.23,144.4,744.98,1.38,25.34,2.7
2025-03-20,63.25,204.96,72.15,73.64,101.92,31.55,6.68,2.48,13.8,3.06,27.11,4.19,51.36,0.39,112.26,143.16,744.68,1.32,25.73,2.7
2025-03-21,58.17,202.91,55.8,69.23,82.18,31.31,11.35,2.41,16.69,2.89,20.77,2.91,50.18,0.42,102.65,144.57,744.6,1.47,25.56,2.7
2025-03-22,75.79,242.82,81.08,80.79,108.91,36.78,14.33,2.6,14.6,3.29,23.89,2.13,53.18,0.4,134.21,145.36,744.12,1.43,25.55,2.7
2025-03-23,77.62,264.2,70.57,87.51,103.95,36.44,6.76,3.03,20.63,3.41,21.75,3.86,50.16,0.37,152.64,145.81,744.0,1.45,26.02,2.7
2025-03-24,113.96,342.88,61.19,92.79,103.24,37.67,14.83,2.93,19.8,4.55,29.09,3.84,49.49,0.49,128.14,145.36,743.94,1.51,26.61,2.7
2025-03-25,130.92,318.78,74.09,95.73,119.29,34.35,16.23,3.99,20.85,4.96,56.61,5.28,47.61,0.43,148.33,141.26,744.48,1.36,27.32,2.7
2025-03-26,156.11,364.17,107.35,87.83,137.46,30.35,34.05,4.5,14.13,3.53,43.06,5.59,46.12,0.41,171.08,142.4,745.82,1.5,28.52,2.7
2025-03-27,122.69,423.83,162.64,67.25,158.42,34.3,16.87,3.92,7.92,3.02,39.29,7.91,48.22,0.4,148.15,142.35,746.46,1.55,28.42,2.7
2025-03-28,67.84,310.42,39.33,45.11,55.98,26.42,11.66,2.27,14.2,1.68,18.67,2.52,44.1,0.81,152.48,149.5,747.24,1.5,28.7,2.7
2025-03-29,49.4,189.78,25.36,45.79,44.98,17.68,5.22,1.59,25.02,1.5,10.76,1.32,40.92,0.71,112.68,154.4,747.15,1.51,27.21,2.7
2025-03-30,45.95,157.88,30.23,50.85,51.62,14.21,20.88,2.05,25.05,1.41,11.2,1.49,40.56,0.5,151.12,149.65,747.29,1.52,28.51,2.7
2025-03-31,74.42,172.26,39.28,59.1,63.32,17.19,14.89,2.11,19.86,1.6,14.95,1.88,40.94,0.37,167.45,148.28,746.49,1.48,29.59,2.7
2025-04-01,60.25,197.67,47.86,55.08,68.22,15.26,9.72,2.23,22.91,1.57,17.98,2.07,39.43,0.43,171.35,151.0,746.33,1.5,29.89,2.7
2025-04-02,95.26,280.46,78.52,65.76,98.79,14.79,18.81,3.26,15.89,2.2,24.41,4.86,41.42,0.34,168.66,148.29,746.45,1.77,30.08,2.7
2025-04-03,130.95,318.54,111.01,75.85,130.63,20.38,18.53,4.0,13.71,3.36,29.48,6.06,39.74,0.38,172.9,146.66,745.75,1.54,31.09,2.7
2025-04-04,96.18,318.17,85.38,69.57,106.47,21.62,12.23,3.44,16.85,3.01,39.52,6.18,39.04,0.37,144.47,145.42,746.08,1.57,31.81,2.7
2025-04-05,72.05,204.88,46.76,57.59,68.64,23.98,15.83,2.46,16.8,1.63,15.34,2.77,41.44,0.45,133.85,148.8,746.15,1.49,31.29,2.7
2025-04-06,86.16,247.04,84.86,68.37,105.38,22.71,13.28,3.4,14.67,2.38,18.88,3.66,42.82,0.35,202.25,146.35,746.15,1.41,31.69,2.7
2025-04-07,148.25,371.75,102.38,69.22,120.05,28.45,25.1,4.28,14.51,3.89,44.85,6.28,43.66,0.47,172.51,146.24,746.35,1.46,32.96,2.7
2025-04-08,101.57,297.04,14.74,50.5,38.84,35.75,13.78,2.9,17.22,2.68,33.66,2.63,42.97,0.84,146.55,144.36,745.58,1.47,33.51,2.7
2025-04-09,93.81,295.54,9.42,43.55,30.81,31.41,12.17,3.67,15.06,2.22,31.99,2.15,46.19,0.8,166.85,143.45,745.66,1.5,34.05,2.7
2025-04-10,78.4,296.76,19.71,58.6,47.01,34.8,37.06,2.25,13.15,1.9,30.68,1.15,46.06,0.79,168.29,140.35,744.81,1.45,33.2,2.7
2025-04-11,39.87,152.02,13.88,36.75,30.84,42.93,144.49,1.93,13.18,1.49,17.8,0.27,60.01,2.29,144.79,149.88,744.46,1.4,30.71,2.7
2025-04-12,37.42,118.58,17.4,51.04,41.3,31.89,14.98,3.7,19.65,1.93,16.18,1.11,55.57,0.88,158.56,154.33,744.64,1.43,30.34,2.7
2025-04-13,61.0,180.62,50.53,86.87,87.31,33.8,11.37,1.53,24.18,2.16,40.23,1.39,45.48,0.48,217.45,149.57,744.02,1.47,32.14,2.7
2025-04-14,61.33,231.96,36.02,64.33,63.49,37.25,9.12,1.11,19.59,2.47,19.16,1.99,48.22,0.95,174.1,151.7,744.4,1.41,32.48,2.7
2025-04-15,56.12,201.25,12.19,56.55,39.99,34.78,6.88,1.63,24.33,2.06,15.86,1.04,45.95,0.88,190.77,150.26,744.22,1.44,33.05,2.7
2025-04-16,81.58,259.54,20.08,63.49,50.08,32.41,10.71,2.17,21.83,2.8,18.71,2.24,45.55,0.61,198.46,148.57,744.19,1.4,33.49,2.7
2025-04-17,80.54,267.21,21.06,67.55,53.05,28.76,13.99,2.41,31.23,2.41,29.03,3.12,45.16,0.96,208.48,148.73,744.14,1.42,33.72,2.7
2025-04-18,71.62,259.54,11.07,45.0,32.94,40.01,26.38,2.41,33.76,1.87,21.98,0.64,52.11,1.35,177.29,147.31,743.99,1.45,32.88,2.7
2025-04-19,41.03,163.31,9.39,41.75,29.84,33.75,22.04,2.62,16.41,1.27,15.65,0.37,54.69,1.99,180.61,150.34,744.22,1.44,32.1,2.7
2025-04-20,55.83,185.83,8.8,42.02,29.51,37.58,15.53,2.42,22.28,1.64,16.28,0.42,52.95,1.57,159.31,151.58,744.05,1.44,33.03,2.7
2025-04-21,74.0,275.04,73.11,83.59,103.97,28.7,25.51,3.19,17.39,2.8,15.24,1.23,42.9,0.46,196.6,151.04,743.8,1.48,34.08,2.7
2025-04-22,87.97,297.82,124.4,108.82,155.88,17.59,22.99,3.86,16.98,3.32,21.72,2.32,33.69,0.44,187.51,147.28,744.29,1.45,32.99,2.7
2025-04-23,76.52,279.94,112.4,107.04,148.32,16.83,34.02,3.1,24.48,2.25,17.81,3.57,33.53,0.53,182.13,155.25,744.77,1.49,33.12,2.7
2025-04-24,98.05,317.42,110.13,114.56,150.29,19.73,45.05,3.92,21.48,3.84,22.53,5.85,34.65,0.41,182.42,151.81,744.34,1.53,33.16,2.7
2025-04-25,147.54,374.04,129.14,106.15,181.82,32.39,34.17,3.36,21.5,4.26,33.74,8.67,36.67,0.42,164.39,150.93,744.42,1.47,33.7,2.7
2025-04-26,132.76,345.42,140.84,112.72,175.33,36.23,6.98,2.73,31.41,4.98,24.8,4.84,36.81,0.46,170.54,147.38,744.16,1.43,33.49,2.7
2025-04-27,96.88,305.96,64.49,95.87,103.42,33.39,10.85,1.53,26.84,1.78,27.29,2.45,35.27,0.45,147.53,149.54,744.15,1.55,33.98,2.7
2025-04-28,116.42,346.79,24.42,73.61,59.01,51.18,12.37,1.82,33.65,2.6,34.61,1.04,42.08,1.38,177.01,152.35,744.12,1.44,32.82,2.7
2025-04-29,72.52,237.83,9.69,49.69,34.32,41.47,10.86,1.52,31.06,1.34,22.66,0.77,49.64,2.12,145.42,156.15,744.49,1.48,31.44,2.7
2025-04-30,70.73,227.5,9.05,46.86,32.28,37.47,13.29,1.64,23.81,1.79,15.25,0.75,51.9,1.72,162.52,139.73,744.33,1.46,31.73,2.7
2025-05-01,85.39,204.17,8.35,44.75,30.58,32.1,26.23,1.83,26.71,1.44,16.71,0.74,51.79,1.94,172.18,156.28,744.49,1.47,32.53,2.7
2025-05-02,54.83,147.65,22.6,53.71,46.94,38.47,15.39,1.77,18.42,1.29,22.38,1.35,71.08,1.59,159.34,127.25,744.97,1.39,27.89,2.7
2025-05-03,98.33,222.0,26.06,65.39,55.97,43.13,20.64,2.57,11.84,2.44,33.39,1.21,64.72,0.71,176.59,153.79,744.61,1.38,29.57,2.7
2025-05-04,92.12,240.92,35.57,65.82,63.93,43.65,17.71,2.52,15.12,2.67,28.64,0.43,57.01,1.18,234.71,158.56,744.46,1.56,30.92,2.7
2025-05-05,41.88,125.96,12.88,57.05,40.81,40.98,15.2,1.44,17.02,1.2,24.39,0.89,59.18,1.79,202.45,156.31,744.6,1.45,29.09,2.7
2025-05-06,61.54,155.83,16.57,59.07,44.9,35.29,17.11,1.37,17.64,1.75,27.65,0.8,55.96,1.14,179.72,160.81,744.39,1.46,30.43,2.7
2025-05-07,56.92,139.96,33.36,57.9,57.91,34.86,19.03,2.12,19.27,1.45,24.84,1.27,63.89,1.42,191.89,149.5,744.51,1.45,29.85,2.7
2025-05-08,102.29,214.71,37.68,63.67,64.5,36.71,75.39,2.02,9.66,3.2,30.22,1.92,59.99,1.01,212.74,154.19,744.24,1.5,30.73,2.7
2025-05-09,69.75,178.0,39.6,58.17,63.14,33.76,12.58,2.55,11.47,2.27,26.99,1.08,55.99,0.75,213.04,155.34,744.02,1.52,31.5,2.7
2025-05-10,117.88,255.08,39.43,66.51,67.44,32.8,13.89,1.82,11.16,3.31,27.14,1.61,58.4,0.56,157.1,153.93,744.12,1.34,31.22,2.7
2025-05-11,82.25,211.88,29.08,59.95,55.53,31.92,8.86,1.6,17.2,1.98,23.04,0.57,53.8,0.5,175.82,156.41,743.94,1.26,31.76,2.7
2025-05-12,50.57,173.46,53.76,73.81,82.98,21.06,9.35,1.31,26.43,1.16,16.05,0.96,44.28,0.43,148.45,156.1,743.74,1.42,32.73,2.7
2025-05-13,26.22,146.54,43.6,61.85,68.35,19.0,9.46,1.2,16.8,1.13,13.42,0.79,49.93,0.55,139.08,144.16,743.94,1.54,31.97,2.7
2025-05-14,67.08,247.65,71.72,65.37,93.08,20.01,11.38,1.55,12.42,1.97,16.45,1.86,48.56,0.35,137.19,156.68,743.93,1.55,32.49,2.7
2025-05-15,205.3,412.74,112.42,98.39,143.75,21.99,23.06,0.46,15.52,1.96,16.24,1.04,41.37,0.34,146.79,155.26,743.65,1.61,33.44,2.7
2025-05-16,93.21,327.46,47.21,87.33,84.84,29.97,28.01,1.44,28.21,2.57,36.82,0.98,43.72,0.81,174.28,147.4,743.74,1.48,33.63,2.7
2025-05-17,59.89,201.08,81.54,87.96,113.07,29.69,21.54,1.12,10.58,2.01,29.17,1.07,49.89,0.42,207.86,147.13,744.17,1.45,32.46,2.7
2025-05-18,66.42,218.67,33.94,74.06,66.98,40.95,23.49,1.23,16.26,1.94,30.87,0.76,50.18,0.63,171.45,157.14,744.01,1.54,33.43,2.7
2025-05-19,75.91,227.83,13.79,59.17,42.69,51.28,18.87,0.98,14.61,1.66,14.74,0.83,56.79,1.12,179.02,157.14,744.03,1.53,33.23,2.7
2025-05-20,72.86,238.67,13.49,66.21,46.19,50.6,21.25,1.11,18.74,1.96,18.23,0.84,55.34,1.05,184.83,157.08,743.94,1.55,33.69,2.7
2025-05-21,67.04,205.39,12.96,56.54,40.61,49.61,33.01,1.74,16.24,1.71,15.8,0.46,58.44,1.6,173.83,157.21,744.02,1.54,32.83,2.7
2025-05-22,33.21,85.17,11.41,57.73,39.98,40.93,28.15,1.47,17.8,0.96,11.01,0.24,62.11,1.82,212.99,164.25,744.55,1.53,30.06,2.7
2025-05-23,46.83,116.67,10.83,55.35,38.24,38.36,26.69,1.4,22.31,1.33,12.56,0.18,59.52,1.72,195.28,163.15,744.32,1.55,31.71,2.7
2025-05-24,55.79,150.25,9.91,49.96,34.63,34.53,21.19,1.1,22.5,1.3,11.95,0.09,56.73,2.17,192.03,161.5,744.21,1.56,32.69,2.7
2025-05-25,34.64,90.0,20.45,72.16,55.01,35.02,24.17,1.27,12.6,0.88,23.05,0.28,76.06,1.14,165.3,156.38,744.57,1.53,28.94,2.7
2025-05-26,49.6,116.1,21.99,52.3,45.71,34.68,30.23,1.72,19.56,1.83,31.48,0.63,68.84,0.92,189.31,156.93,744.2,1.54,30.82,2.7
2025-05-27,51.73,123.82,11.77,43.92,32.93,25.01,19.88,1.4,15.39,1.4,20.33,1.39,61.48,0.6,201.31,162.42,744.02,1.52,32.42,2.7
2025-05-28,61.46,168.96,12.86,49.54,36.81,23.25,23.4,1.49,17.43,1.67,19.1,1.93,58.93,0.58,149.39,158.2,743.85,1.61,33.33,2.7
2025-05-29,52.7,153.17,28.27,51.14,50.19,29.97,23.51,1.59,16.23,1.66,18.4,1.53,59.03,0.58,193.01,153.1,743.93,1.58,32.87,2.7
2025-05-30,69.42,238.75,52.87,70.56,80.51,31.34,28.55,1.93,7.23,2.08,39.69,0.93,58.11,0.5,163.11,154.98,744.09,1.26,31.98,2.7
2025-05-31,99.5,344.92,86.99,74.26,110.22,31.11,27.3,2.16,23.91,2.97,57.51,2.1,55.67,0.47,177.49,141.64,743.86,1.17,33.9,2.7
2025-06-01,49.08,246.63,54.39,62.44,77.05,33.43,26.79,0.99,8.73,1.25,15.2,0.03,56.81,0.6,158.62,138.43,743.06,1.54,31.42,2.7
2025-06-02,45.08,182.58,44.09,65.0,70.41,35.67,23.66,1.51,19.25,1.18,11.74,0.14,52.5,0.42,174.2,152.69,741.64,1.6,31.08,2.7
2025-06-03,48.67,202.21,33.0,65.11,61.46,28.76,27.89,1.26,11.83,1.53,20.83,0.82,54.73,0.59,191.61,159.02,741.66,1.31,30.25,2.7
2025-06-04,56.44,187.88,30.17,62.82,57.95,30.79,41.82,0.85,11.55,1.9,27.44,0.41,55.54,0.46,176.03,164.09,741.27,1.58,30.41,2.7
2025-06-05,71.07,224.8,37.07,70.25,67.5,21.84,26.05,0.76,32.43,2.3,22.09,0.45,50.13,0.38,173.98,154.87,741.34,1.71,31.64,2.7
2025-06-06,52.96,229.33,43.94,74.16,74.77,24.73,17.77,0.79,39.93,1.44,16.16,0.98,49.86,0.46,203.66,160.48,741.52,1.83,32.87,2.7
2025-06-07,76.31,256.08,32.08,65.98,61.18,28.42,30.63,0.83,30.27,1.89,27.09,0.31,48.18,0.46,206.96,158.69,741.53,1.49,33.98,2.7
2025-06-08,87.04,282.04,29.49,69.4,60.88,29.65,30.41,0.96,38.32,2.32,20.48,0.57,47.05,0.39,199.75,156.33,741.47,1.58,35.07,2.7
2025-06-09,81.58,325.42,88.97,87.02,118.65,32.62,26.51,1.06,12.08,2.03,14.94,0.0,42.97,0.4,133.84,156.24,741.33,1.4,35.8,2.7
2025-06-10,61.5,344.96,105.99,78.62,127.99,24.8,21.44,1.24,30.07,1.95,16.97,0.12,38.0,0.42,102.18,157.73,741.72,1.58,35.74,2.7
2025-06-11,83.08,322.42,61.1,69.98,86.89,28.74,28.28,1.08,30.77,2.33,26.57,0.56,44.46,0.63,195.97,155.67,742.05,1.53,35.57,2.7
2025-06-12,74.12,198.33,12.71,39.58,31.39,53.85,23.12,0.94,11.21,1.36,7.46,0.59,59.47,0.76,170.84,104.03,742.63,1.53,32.81,2.7
2025-06-13,52.59,238.79,15.1,59.02,43.64,33.45,28.13,0.88,22.5,1.12,38.29,0.26,55.0,2.34,197.6,170.88,742.21,1.57,33.73,2.7
2025-06-14,66.33,176.92,14.87,53.71,40.66,30.98,43.04,1.06,31.48,1.56,29.56,0.21,55.75,0.81,186.01,157.79,742.27,1.56,34.38,2.7
2025-06-15,43.75,161.62,19.64,54.24,44.81,31.73,24.13,0.86,22.72,1.08,15.44,0.04,58.02,1.24,203.78,160.96,742.32,1.54,32.51,2.7
2025-06-16,43.71,116.75,16.5,50.66,40.06,27.56,69.81,0.99,21.42,1.44,29.88,0.23,60.66,0.92,192.59,153.54,742.58,1.59,31.91,2.7
2025-06-17,38.92,93.42,24.16,51.97,47.27,31.58,22.67,0.93,13.08,1.03,19.57,0.27,72.83,0.88,199.8,135.47,742.88,1.59,30.77,2.7
2025-06-18,45.25,87.38,16.61,52.65,41.51,35.85,23.22,0.85,15.73,1.12,21.8,0.39,73.48,0.5,168.11,159.25,742.65,1.58,30.81,2.7
2025-06-19,36.75,94.62,15.05,43.74,35.38,35.02,34.54,0.8,7.18,1.02,16.31,0.1,68.46,0.97,148.55,160.61,742.68,1.59,31.62,2.7
2025-06-20,32.11,74.82,12.65,35.44,29.01,35.35,19.8,0.72,8.02,0.7,13.17,0.11,71.49,1.2,176.14,159.69,742.78,1.59,30.84,2.7
2025-06-21,31.3,80.15,12.97,32.74,27.95,26.36,48.01,1.33,19.11,0.95,13.05,0.35,65.93,0.86,216.15,160.13,742.67,1.56,32.42,2.7
2025-06-22,37.38,99.54,16.66,37.08,33.27,28.82,21.11,1.04,13.76,1.01,13.25,0.21,65.92,0.69,192.58,152.91,742.68,1.61,32.26,2.7
2025-06-23,47.42,111.83,16.15,33.49,30.81,28.75,22.29,1.13,16.85,0.95,14.72,0.07,66.08,0.78,170.17,157.66,742.5,1.59,32.34,2.7
2025-06-24,46.65,99.83,18.23,37.19,34.61,24.62,44.24,1.33,12.27,1.12,5.71,0.19,73.49,0.52,136.81,143.11,742.97,1.61,31.43,2.7
2025-06-25,68.52,139.08,16.0,32.53,30.31,32.43,18.49,1.26,12.4,1.22,26.05,0.5,75.3,0.84,145.25,140.02,742.74,1.59,31.28,2.7
2025-06-26,27.96,77.04,13.53,28.06,25.92,32.22,17.78,0.84,2.08,1.73,25.94,0.4,66.52,1.41,190.79,157.42,742.52,1.59,32.61,2.7
2025-06-27,20.58,72.08,13.7,29.34,26.75,24.28,17.98,0.77,6.83,0.54,17.09,0.48,61.47,1.52,193.64,159.14,742.74,1.6,33.48,2.7
2025-06-28,31.42,101.83,19.79,38.33,36.48,24.51,20.13,1.07,5.2,0.82,20.39,0.66,68.77,0.61,225.42,150.88,743.19,1.7,32.0,2.7
2025-06-29,35.46,75.58,24.41,39.07,40.39,28.82,18.86,1.06,1.84,1.1,15.55,0.54,80.15,0.52,191.84,142.71,743.41,1.58,29.9,2.7
2025-06-30,33.44,68.74,19.45,52.27,43.62,35.62,21.85,1.28,4.63,1.1,21.02,1.44,84.36,0.43,169.46,132.27,743.08,1.6,28.97,2.7
2025-07-01,30.2,75.64,19.95,43.18,39.19,38.16,18.02,1.0,4.93,0.83,22.59,0.63,74.34,0.79,215.67,158.17,742.87,1.59,31.0,2.7
2025-07-02,26.83,88.54,17.17,34.86,32.49,30.68,18.2,0.93,3.23,0.75,28.61,0.81,66.35,1.13,170.7,161.5,742.75,1.62,32.54,2.7
2025-07-03,25.54,71.83,12.44,29.66,25.89,28.56,12.72,0.81,6.03,0.55,13.61,0.6,67.51,1.38,156.3,162.17,742.76,1.6,32.42,2.7
2025-07-04,28.96,74.25,20.5,35.67,35.62,21.3,18.17,1.09,4.67,0.49,27.46,1.63,73.1,0.66,177.14,152.74,743.23,1.64,32.57,2.7
2025-07-05,37.54,94.62,14.28,39.07,32.39,6.56,26.03,0.97,1.7,0.36,22.17,1.23,69.14,0.57,199.52,155.93,743.49,1.57,32.63,2.7
2025-07-06,49.54,120.33,17.7,34.32,32.65,17.18,26.54,1.08,3.04,0.31,16.09,1.25,74.62,0.42,161.59,147.6,743.72,1.56,31.95,2.7
2025-07-07,35.65,86.04,28.84,70.89,61.16,16.68,20.8,1.16,5.85,0.61,13.04,1.42,74.41,0.45,188.27,137.91,743.57,1.73,30.82,2.7
2025-07-08,43.16,149.92,40.85,49.01,59.28,48.62,30.58,1.21,2.08,0.69,18.68,4.35,66.39,0.34,178.92,159.09,743.27,1.52,32.87,2.7
2025-07-09,25.81,92.0,19.8,49.59,42.48,35.13,26.33,0.91,6.79,0.43,8.8,1.27,72.66,0.38,155.6,137.58,743.68,1.66,30.92,2.7
2025-07-10,27.95,59.59,22.93,53.71,47.22,38.69,19.74,1.05,6.99,0.49,14.52,1.99,81.51,0.4,195.54,161.93,743.88,1.66,29.55,2.7
2025-07-11,56.8,113.22,33.97,60.55,59.84,40.21,27.03,1.23,8.3,0.5,22.52,2.73,78.12,0.35,172.86,151.96,744.05,1.77,30.8,2.7
2025-07-12,64.62,129.54,29.13,56.95,53.97,45.36,23.55,1.28,8.45,0.83,21.08,2.36,72.15,0.49,181.7,151.09,740.1,1.68,30.92,2.7
2025-07-13,43.18,95.75,28.74,50.51,50.24,37.73,23.19,1.0,4.46,0.54,20.23,1.36,74.94,0.6,174.18,157.5,746.54,1.67,31.22,2.7
2025-07-14,22.77,43.57,15.6,39.67,33.78,34.64,19.57,0.88,1.31,0.34,23.41,0.85,79.75,1.84,222.56,151.8,753.05,1.69,31.13,2.7
2025-07-15,21.97,45.99,12.39,33.14,27.7,28.37,21.08,0.78,3.17,0.29,6.34,0.91,79.47,1.98,201.47,158.04,748.58,1.68,31.56,2.7
2025-07-16,34.79,81.62,13.53,37.67,31.04,25.0,23.07,0.9,2.08,0.41,12.44,1.41,77.95,0.84,197.05,149.0,743.65,1.73,32.15,2.7
2025-07-17,27.92,70.3,13.51,35.98,30.12,22.37,26.46,0.74,2.37,0.41,16.24,1.11,76.67,1.16,220.42,156.81,744.67,1.7,31.98,2.7
2025-07-18,32.25,58.14,16.32,40.08,34.59,23.14,19.94,0.84,3.02,0.44,29.61,1.34,81.27,1.75,242.1,154.14,746.74,1.74,31.75,2.7
2025-07-19,22.33,48.0,10.9,31.3,25.5,24.04,18.5,0.75,4.07,0.33,5.7,0.76,74.82,1.52,166.22,159.29,747.28,1.75,32.62,2.7
2025-07-20,36.04,103.62,26.31,44.87,45.26,21.52,19.34,0.81,6.88,0.46,5.95,0.92,70.23,0.42,212.82,160.56,746.9,1.78,33.67,2.7
2025-07-21,56.71,114.79,37.56,47.96,56.05,18.84,23.94,1.45,2.76,0.57,24.55,3.16,81.59,0.42,184.12,131.66,745.85,1.79,31.72,2.7
2025-07-22,60.67,110.79,44.06,58.58,66.98,22.1,24.78,1.32,2.89,0.52,24.75,3.71,82.32,0.33,179.83,153.12,734.74,1.75,30.41,2.7
2025-07-23,37.74,76.83,59.11,48.06,73.62,28.43,18.97,1.29,1.49,0.5,13.29,3.51,86.07,0.34,182.77,121.05,731.16,1.76,29.81,2.7
2025-07-24,51.57,134.9,34.37,49.6,52.46,43.12,25.91,0.72,4.43,0.56,12.52,2.04,71.08,0.31,193.5,161.22,728.66,1.7,32.54,2.7
2025-07-25,54.96,204.88,30.85,48.77,50.48,54.14,21.86,0.68,5.95,0.77,14.04,1.79,67.42,0.33,117.11,152.89,727.42,1.65,32.89,2.7
2025-07-26,37.04,239.25,14.89,31.07,27.85,29.29,31.28,0.61,9.31,0.6,22.3,1.47,68.45,0.55,130.02,149.6,728.29,1.64,32.13,2.7
2025-07-27,44.9,149.21,14.41,23.25,18.75,22.42,27.71,0.63,10.11,0.58,29.78,1.68,70.11,0.59,113.98,39.98,729.95,1.75,31.93,2.7
2025-07-28,48.4,114.34,14.61,28.92,26.39,27.84,19.48,0.74,10.91,0.79,18.69,0.56,72.24,0.41,142.37,133.15,729.21,1.62,31.79,2.7
2025-07-29,33.12,60.58,19.35,45.93,40.17,43.1,23.98,0.66,10.21,0.89,31.61,0.45,84.95,0.54,221.5,135.59,727.84,1.57,29.71,2.7
2025-07-30,31.67,66.79,22.41,46.8,43.12,40.33,23.54,0.54,9.18,0.74,29.14,0.16,79.57,0.96,202.76,145.32,727.44,1.57,30.24,2.7
2025-07-31,41.52,60.45,32.18,42.31,48.38,29.86,21.94,0.69,9.27,0.55,19.65,1.35,87.74,0.61,153.88,144.17,728.56,1.6,29.19,2.7
2025-08-01,32.39,78.16,40.35,38.67,53.37,24.64,24.94,0.72,9.18,0.38,17.07,2.54,80.96,0.34,163.76,155.32,729.36,1.62,30.19,0.1
2025-08-02,36.21,118.79,32.16,41.75,48.35,31.87,43.46,0.58,9.61,0.3,8.17,1.65,75.15,0.42,119.05,151.56,729.1,1.7,30.86,0.1
2025-08-03,41.29,129.0,34.5,41.77,50.27,35.24,8.41,0.64,10.16,0.23,9.72,1.14,77.72,0.42,158.0,151.68,729.22,1.6,30.43,0.1
2025-08-04,36.5,128.29,33.28,40.84,48.78,29.2,42.5,0.57,10.73,0.28,7.69,1.54,73.11,0.37,126.32,132.41,729.25,1.73,30.88,0.1
2025-08-05,39.11,123.2,33.56,51.47,54.67,33.83,12.47,0.61,11.11,0.42,9.55,2.27,72.49,0.35,133.24,146.45,729.04,1.7,30.77,0.1
2025-08-06,35.5,136.38,37.25,42.83,53.06,29.03,17.48,0.59,11.14,0.42,8.9,1.8,68.58,0.33,133.95,148.57,728.93,1.75,31.39,0.1
2025-08-07,50.91,252.75,41.93,44.97,58.01,27.75,30.56,0.71,15.69,0.45,9.31,2.04,64.14,0.44,156.31,156.15,728.72,1.68,32.1,0.1
2025-08-08,60.98,294.83,31.42,42.81,48.31,29.72,24.1,0.55,14.83,0.46,9.29,1.5,61.55,0.45,203.0,150.83,728.51,1.66,32.35,0.1
2025-08-09,30.61,101.6,32.65,40.52,48.09,26.17,41.25,0.72,15.48,0.35,8.91,1.8,86.99,0.37,121.01,88.89,729.24,1.44,28.38,0.1
2025-08-10,54.17,140.43,44.91,51.08,63.68,32.13,21.71,0.75,19.77,0.45,12.0,2.81,77.33,0.3,136.86,152.2,728.79,1.64,30.57,0.1
2025-08-11,45.41,162.96,33.01,44.31,50.4,32.65,26.37,0.6,21.48,0.45,13.59,1.99,71.02,0.38,155.71,149.32,728.57,1.73,31.15,0.1
2025-08-12,56.9,129.27,37.83,46.74,55.62,32.19,31.66,0.73,16.24,0.37,12.09,1.48,77.06,0.33,157.67,143.48,728.49,1.67,30.47,0.1
2025-08-13,63.55,190.08,57.95,50.2,73.31,34.32,27.26,0.93,19.82,0.78,20.23,3.43,70.07,0.32,176.6,150.78,728.32,1.74,31.73,0.1
2025-08-14,51.25,83.29,25.21,48.37,46.23,29.51,61.01,0.78,16.99,0.35,23.56,2.39,85.34,0.38,205.8,113.11,728.85,1.35,29.37,0.1
2025-08-15,70.68,102.8,26.59,44.57,45.32,35.65,13.07,0.82,18.29,0.36,16.76,1.15,86.23,0.32,193.69,135.29,728.66,1.55,29.39,0.1
2025-08-16,63.39,99.04,34.5,37.26,47.56,31.32,17.67,0.96,21.02,0.27,11.89,1.07,81.08,0.45,154.29,139.99,728.75,1.68,30.62,0.1
2025-08-17,54.41,93.3,29.63,41.58,46.2,37.85,36.79,0.78,14.7,0.0,0.0,0.0,78.57,0.48,195.36,135.11,728.31,1.7,30.61,0.1
2025-08-18,61.09,113.5,23.74,37.44,39.21,37.67,29.8,0.77,13.57,0.0,0.0,0.0,75.78,0.88,181.11,146.57,728.02,1.6,31.02,0.1
2025-08-19,56.32,113.48,25.06,38.52,40.86,36.4,25.78,0.77,16.07,0.0,0.0,0.0,74.44,0.68,162.29,147.52,728.3,1.64,31.44,0.1
2025-08-20,47.73,96.59,15.4,25.58,25.8,30.12,27.47,0.98,15.24,0.08,4.94,0.25,71.33,1.21,184.59,127.29,730.0,1.61,30.99,0.1
2025-08-21,57.59,123.68,17.31,24.65,27.01,26.1,30.35,1.66,14.45,0.29,16.98,0.15,68.27,0.99,147.68,148.06,735.47,1.58,30.31,0.1
2025-08-22,85.15,177.43,25.12,35.93,39.02,27.32,33.23,1.93,18.17,0.51,17.14,0.82,72.52,0.37,152.46,146.16,735.58,1.54,29.87,0.1
2025-08-23,49.63,106.61,16.54,26.05,27.3,24.87,36.11,1.63,11.87,0.26,15.9,0.57,75.95,0.72,159.05,135.58,735.53,1.66,28.13,0.1
2025-08-24,39.05,81.3,20.7,23.03,29.08,27.71,26.96,1.64,7.88,0.2,8.02,0.31,77.58,0.75,174.12,141.74,735.46,1.55,26.57,0.1
2025-08-25,37.73,67.86,12.1,21.17,21.1,25.33,27.3,1.65,8.29,0.21,9.44,0.3,80.33,1.58,188.84,132.45,735.5,1.59,25.96,0.1
2025-08-26,42.8,73.67,24.56,21.28,30.55,22.23,34.44,1.73,8.37,0.25,10.28,0.56,82.58,1.2,152.52,130.99,735.38,1.59,26.06,0.1
2025-08-27,53.77,104.41,36.84,27.77,44.39,23.75,23.19,2.02,8.59,0.4,21.48,1.78,81.9,0.44,136.35,137.74,735.52,1.58,26.18,0.1
2025-08-28,87.26,156.75,33.0,29.07,42.0,22.83,25.75,2.1,9.34,0.52,33.64,1.88,74.75,0.72,145.03,142.0,735.41,1.71,27.59,0.1
2025-08-29,61.95,91.47,13.36,23.76,23.5,28.07,31.99,1.72,12.77,0.23,14.69,0.74,84.78,0.72,174.25,149.19,735.48,1.61,26.11,0.1
2025-08-30,53.78,105.73,10.38,23.98,21.04,26.67,23.63,1.67,11.44,0.18,8.11,0.44,67.92,1.04,180.27,160.54,735.58,1.63,28.88,0.1
2025-08-31,47.5,88.73,23.54,23.8,27.56,22.76,33.04,1.58,8.56,0.18,6.58,0.22,79.29,0.77,170.05,130.53,735.44,1.63,26.49,0.1
2025-09-01,26.94,54.38,23.19,19.54,24.82,19.02,26.19,1.51,10.53,0.24,9.24,0.2,83.87,1.67,182.15,107.22,735.8,1.6,25.82,0.76
2025-09-02,16.57,28.56,15.41,15.98,17.55,20.18,32.25,1.43,11.01,0.17,3.42,0.16,85.83,1.78,213.05,98.47,735.94,1.59,26.21,0.76
2025-09-03,42.38,73.67,23.04,21.55,27.22,20.45,31.41,1.63,11.07,0.3,12.9,0.49,83.52,0.56,170.99,113.53,735.38,1.55,25.6,0.76
2025-09-04,48.71,81.38,22.35,19.55,24.89,22.01,30.56,1.66,20.33,0.42,22.37,0.82,80.4,0.5,199.74,147.83,735.53,1.39,26.62,0.76
2025-09-05,52.19,95.86,26.0,21.61,29.33,21.09,29.72,1.66,12.53,0.55,31.85,1.15,78.14,1.17,199.44,144.39,735.29,1.57,26.65,0.76
2025-09-06,56.81,102.9,19.99,23.22,24.28,19.27,31.48,1.71,12.21,0.42,23.48,0.79,77.14,0.78,167.17,145.11,735.46,1.59,27.11,0.76
2025-09-07,47.91,92.32,26.81,23.12,29.19,19.72,23.98,1.7,11.18,0.31,12.89,0.84,79.5,0.7,187.34,138.65,735.52,1.61,26.56,0.76
2025-09-08,70.68,143.18,32.45,24.54,36.5,18.81,28.06,1.79,14.11,0.87,19.09,1.41,71.44,0.45,183.6,145.4,734.93,1.57,27.72,0.76
2025-09-09,61.66,142.98,41.48,26.54,46.6,16.19,36.52,1.52,7.14,0.92,16.88,1.23,67.81,0.32,159.19,144.48,734.94,1.58,28.28,0.76
2025-09-10,39.48,86.89,22.01,31.07,32.9,16.87,30.4,1.4,6.4,0.47,4.86,0.8,68.36,0.45,161.35,143.87,735.49,1.62,28.23,0.76
2025-09-11,53.75,128.92,28.92,29.19,35.75,14.97,31.06,1.42,6.47,0.64,6.79,1.11,64.57,0.42,177.22,142.44,735.8,1.67,27.8,0.76
2025-09-12,70.75,191.54,46.42,30.79,52.61,14.01,24.26,1.54,5.45,0.85,9.03,1.47,64.77,0.34,199.65,143.73,735.77,1.72,27.84,0.76
2025-09-13,81.42,236.92,54.19,30.96,57.06,15.23,17.69,1.6,4.71,1.1,11.39,2.1,63.9,0.31,155.34,138.36,735.02,1.49,28.44,0.76
2025-09-14,111.42,327.17,68.03,38.62,73.93,15.5,25.63,1.87,3.67,1.21,13.49,2.09,64.43,0.31,187.68,139.19,735.0,1.61,28.48,0.76
2025-09-15,86.73,354.81,67.48,37.86,73.2,17.87,29.69,1.93,4.33,1.16,11.05,1.47,61.11,0.34,179.9,129.62,734.48,1.85,28.81,0.76
2025-09-16,58.57,267.34,48.27,34.91,48.53,19.33,17.94,1.71,6.23,1.5,20.26,2.35,61.66,0.35,172.61,145.67,734.0,1.77,29.02,0.76
2025-09-17,54.83,150.33,19.0,40.83,33.21,22.14,21.46,1.77,8.06,1.11,13.23,1.39,70.81,0.41,189.33,136.56,734.0,1.55,27.8,0.76
2025-09-18,54.75,159.71,25.24,42.27,38.94,21.64,26.39,1.79,5.61,1.13,17.27,2.34,70.0,0.39,192.01,141.34,734.69,1.56,27.85,0.76
2025-09-19,75.71,235.79,39.57,35.06,46.52,23.24,29.69,1.93,6.67,1.08,13.78,2.46,66.53,0.31,139.82,139.66,735.46,1.61,28.63,0.76
2025-09-20,54.52,242.0,47.16,32.38,52.0,26.18,19.52,1.8,10.91,1.2,12.24,2.63,64.56,0.34,182.06,140.59,735.17,1.61,28.62,0.76
2025-09-21,84.55,274.42,37.05,33.48,45.0,22.07,32.71,1.73,8.18,0.88,7.47,1.26,61.4,0.34,209.55,141.33,735.66,1.67,28.72,0.76
2025-09-22,100.58,333.64,39.88,32.46,47.03,21.37,20.89,1.62,8.15,0.59,8.79,1.31,59.43,0.36,185.32,139.78,735.64,1.79,28.89,0.76
2025-09-23,57.53,334.27,35.29,33.24,44.59,21.27,25.5,1.57,10.87,0.91,9.79,1.26,55.14,0.4,215.5,139.03,735.26,1.6,28.75,0.76
2025-09-24,46.62,305.71,36.94,33.45,46.84,19.39,27.91,1.64,11.26,0.81,10.53,1.64,56.51,0.37,163.74,139.75,735.53,1.71,28.45,0.76
2025-09-25,50.36,312.2,36.3,33.91,46.17,17.06,27.58,1.57,11.36,0.75,12.09,1.23,58.66,0.35,148.72,139.77,735.42,1.71,28.46,0.76
2025-09-26,39.83,180.1,23.11,30.71,31.32,19.58,18.08,1.55,14.2,0.7,9.86,1.51,59.76,0.34,180.49,139.65,735.67,1.5,28.63,0.76
2025-09-27,93.78,245.88,15.1,27.71,24.94,16.31,30.16,1.55,15.3,0.85,14.44,1.34,60.41,0.37,137.01,134.38,735.9,1.67,29.23,0.76
2025-09-28,49.3,139.05,15.85,19.42,22.85,10.65,19.23,1.02,4.85,0.51,12.0,0.96,59.77,0.98,182.58,134.48,735.62,1.66,29.5,0.76
2025-09-29,34.48,116.3,11.09,17.26,17.88,10.03,27.3,1.03,4.23,0.4,6.41,0.77,59.78,0.54,205.98,134.48,735.85,1.68,29.24,0.76
2025-09-30,45.6,158.65,16.49,19.97,23.48,8.8,35.61,1.1,3.0,0.85,15.35,2.28,73.25,0.49,188.08,89.33,735.99,1.67,25.57,0.76
2025-10-01,48.66,149.11,12.92,21.43,21.62,7.17,15.47,1.22,5.58,0.85,32.63,2.99,69.63,0.3,127.61,137.78,736.0,1.67,26.73,2.07
2025-10-02,53.83,136.67,12.5,16.3,18.84,8.03,63.84,1.12,3.7,1.03,20.08,2.86,73.21,0.46,152.82,128.3,736.0,1.77,26.72,2.07
2025-10-03,42.29,116.46,14.38,18.31,21.16,9.34,27.32,1.24,2.2,0.77,33.82,3.36,69.99,0.35,218.42,136.16,736.0,1.79,26.77,2.07
2025-10-04,90.75,212.38,21.37,22.0,29.08,9.67,16.96,1.22,2.88,1.38,39.83,4.59,66.54,0.31,148.26,137.66,736.0,1.68,27.3,2.07
2025-10-05,76.79,275.83,40.54,23.91,44.99,9.61,32.11,1.44,5.55,1.12,27.02,3.92,65.23,0.34,119.53,137.39,736.0,1.88,27.1,2.07
2025-10-06,43.06,107.71,14.3,20.69,22.38,11.73,70.53,1.05,3.83,0.75,66.96,2.73,79.1,0.48,140.43,126.59,736.0,1.69,23.27,2.07
2025-10-07,30.38,60.38,10.33,20.26,19.18,11.52,59.62,1.08,11.19,0.58,37.59,1.81,78.73,0.67,201.7,126.83,736.0,1.7,23.42,2.07
2025-10-08,55.71,120.21,17.03,23.81,25.96,10.32,22.3,1.23,14.83,2.28,32.4,3.51,78.02,0.33,152.12,138.39,735.66,1.4,23.27,2.07
2025-10-09,39.71,137.25,16.25,23.89,24.83,9.06,42.52,1.19,21.63,3.01,26.78,3.14,68.42,0.31,114.44,140.71,734.97,1.63,24.31,2.07
2025-10-10,65.12,265.67,28.22,28.84,37.75,7.12,19.09,1.26,30.27,3.41,28.84,3.75,63.77,0.3,157.45,139.58,735.17,1.48,24.22,2.07
2025-10-11,90.79,348.17,41.87,29.6,49.05,7.38,16.99,1.53,22.67,5.58,51.55,7.86,66.64,0.31,190.85,138.26,736.0,1.61,24.46,2.07
2025-10-12,72.21,369.58,23.43,28.55,32.06,8.04,30.04,1.28,32.02,3.23,31.1,3.68,59.44,0.36,155.26,137.45,736.0,1.61,25.32,2.07
2025-10-13,90.54,424.12,45.26,29.6,50.38,8.87,30.02,1.56,30.87,4.24,33.7,5.58,59.11,0.34,144.75,135.85,735.66,1.66,25.33,2.07
2025-10-14,109.04,467.9,49.13,32.14,53.85,9.45,23.84,1.41,31.39,5.85,63.69,8.16,56.82,0.34,166.24,134.97,735.45,1.69,25.35,2.07
2025-10-15,141.34,468.96,68.57,33.2,71.35,11.05,22.66,1.62,18.11,4.45,91.88,9.86,55.13,0.31,222.91,135.33,736.02,1.28,25.14,2.07
2025-10-16,137.33,473.6,107.14,34.49,103.49,12.47,31.48,2.15,18.19,7.23,88.45,13.47,60.3,0.31,246.36,130.73,736.05,1.38,24.79,2.07
2025-10-17,137.18,469.25,75.47,33.4,79.13,13.03,41.27,2.09,17.33,5.09,70.97,11.01,61.97,0.34,206.25,131.07,736.0,1.57,25.22,2.07
2025-10-18,161.75,564.67,73.24,33.46,75.99,14.66,32.61,2.16,16.62,5.95,71.69,12.08,63.09,0.33,147.3,129.22,735.97,2.17,25.68,2.07
2025-10-19,245.67,617.3,76.41,35.56,79.93,22.33,58.24,2.12,13.47,5.56,80.93,14.0,62.07,0.33,164.71,127.18,736.01,2.22,25.92,2.07
2025-10-20,248.38,463.74,76.53,53.18,84.57,42.18,25.56,2.05,11.59,3.64,75.85,8.77,60.53,0.4,233.69,126.17,736.08,1.41,25.69,2.07
2025-10-21,236.8,381.84,60.83,60.6,80.62,49.18,19.64,1.74,20.46,1.99,28.44,6.22,61.94,0.38,173.28,125.68,736.88,2.14,26.68,2.07
2025-10-22,253.04,547.17,133.05,76.87,147.92,51.19,18.92,2.04,21.9,2.34,35.24,6.77,63.5,0.3,170.26,126.76,737.0,1.53,26.55,2.07
2025-10-23,185.17,501.83,118.55,84.39,141.57,47.81,22.32,2.1,23.3,3.82,34.16,5.72,55.79,0.33,184.07,130.77,736.5,1.75,25.11,2.07
2025-10-24,189.17,548.64,198.13,88.22,203.28,57.65,22.03,2.66,20.95,3.6,77.1,11.58,61.23,0.42,191.6,132.61,736.05,2.16,23.74,2.07
2025-10-25,238.15,610.83,201.41,96.47,241.03,65.43,25.88,3.32,21.76,3.8,96.3,15.81,61.48,0.38,224.34,127.28,736.1,1.99,24.18,2.07
2025-10-26,219.96,539.83,173.91,80.13,231.43,62.47,34.17,3.83,23.27,2.95,109.86,14.29,60.85,0.34,148.94,128.58,736.2,1.1,24.18,2.07
2025-10-27,198.5,434.33,77.2,64.63,111.52,65.83,33.95,2.57,21.1,2.73,87.77,8.85,61.6,0.51,122.0,114.38,736.47,1.36,23.71,2.07
2025-10-28,142.88,264.25,25.89,60.16,49.54,54.22,25.86,2.03,22.91,1.88,40.31,2.78,61.52,0.39,152.96,119.27,736.29,1.59,23.34,2.07
2025-10-29,205.45,368.8,44.44,66.82,68.41,50.66,29.53,2.73,24.43,2.31,52.44,6.8,66.57,0.31,177.41,121.62,736.1,2.03,23.56,2.07
2025-10-30,232.36,395.92,44.75,72.59,72.9,50.97,39.17,2.34,19.88,2.17,65.57,8.95,70.8,0.36,239.65,108.97,736.35,1.9,23.67,2.07
2025-10-31,113.95,222.39,73.5,71.85,90.91,65.46,40.11,2.98,19.72,2.45,28.67,4.84,73.23,0.32,187.98,118.34,734.97,1.91,24.72,2.07
2025-11-01,211.57,390.6,114.18,87.08,131.81,51.36,43.56,3.57,23.65,6.92,50.16,9.73,66.4,0.35,181.94,122.91,735.18,1.95,24.1,3.62
2025-11-02,217.61,390.42,92.83,90.82,120.62,47.62,18.38,3.82,25.06,5.88,43.51,7.01,57.14,0.32,194.53,123.18,735.52,1.7,24.04,3.62
2025-11-03,227.12,444.04,84.5,96.44,126.32,47.42,13.93,2.94,25.31,4.85,39.01,7.41,56.84,0.79,185.12,123.52,735.41,1.96,23.47,3.62
2025-11-04,170.5,388.08,103.33,80.71,168.48,60.33,30.82,4.02,20.24,3.89,79.07,13.26,60.4,0.66,181.81,120.6,736.31,2.1,24.09,3.62
2025-11-05,116.5,233.5,48.79,59.68,69.19,73.69,30.58,2.63,21.19,1.98,40.69,6.26,60.51,0.51,166.52,123.34,736.27,1.94,24.51,3.62
2025-11-06,165.12,299.58,20.38,81.65,56.92,46.3,29.22,2.88,34.85,3.39,23.55,3.29,47.41,0.48,148.21,126.52,735.68,1.89,22.45,3.62
2025-11-07,238.83,408.08,36.65,102.97,82.62,40.96,36.23,3.25,41.5,4.6,29.76,8.52,47.52,0.44,130.49,125.83,735.15,1.91,22.25,3.62
2025-11-08,303.29,472.78,61.47,127.9,111.01,41.28,39.67,3.67,47.19,5.88,35.71,7.63,47.67,1.4,161.21,124.7,735.25,1.97,21.84,3.62
2025-11-09,250.04,410.38,63.06,138.58,119.81,45.72,43.76,3.56,38.33,5.78,36.88,7.06,49.02,1.41,134.49,124.23,735.3,1.94,22.08,3.62
2025-11-10,305.53,487.23,91.06,149.67,145.5,52.45,47.63,4.29,33.51,7.33,52.98,10.64,53.31,0.87,130.29,125.33,735.29,2.13,21.41,3.62
2025-11-11,350.62,560.38,103.14,158.84,162.86,62.29,48.42,3.48,18.07,7.8,64.92,9.21,54.54,0.7,93.65,122.6,735.39,2.0,18.67,3.62
2025-11-12,347.31,541.81,93.74,139.1,135.44,59.58,51.45,3.56,13.99,6.8,44.32,7.12,53.95,0.61,144.5,122.12,735.06,2.03,18.53,3.62
2025-11-13,328.68,553.73,102.05,136.57,148.2,56.26,48.58,3.02,12.89,7.21,53.58,9.14,57.47,0.47,182.37,118.39,735.34,1.98,18.03,3.62
2025-11-14,273.34,482.37,85.25,110.01,122.75,49.94,38.16,3.5,6.24,7.85,57.46,9.12,58.31,0.45,164.37,108.09,735.19,2.04,17.56,3.62
2025-11-15,267.06,471.04,95.61,116.89,130.65,55.59,38.16,3.39,6.55,8.08,57.06,9.07,55.94,0.76,207.16,121.62,734.51,2.07,18.02,3.62
2025-11-16,276.02,458.08,89.55,112.61,124.06,50.92,45.15,3.12,5.94,7.39,48.83,8.59,54.96,0.31,182.17,121.27,735.2,1.83,18.01,3.62
2025-11-17,254.83,454.21,102.59,110.61,136.13,49.96,48.01,3.25,6.67,6.33,57.37,8.92,57.2,0.76,237.08,121.29,735.16,2.19,17.84,3.62
2025-11-18,277.21,491.54,189.24,128.0,246.62,64.39,42.83,4.5,5.92,10.64,91.56,17.98,66.16,0.83,268.07,118.75,735.07,2.07,17.86,3.62
2025-11-19,317.38,542.87,173.22,138.04,205.58,70.47,45.05,4.19,6.29,9.55,84.3,15.5,65.97,0.35,222.66,116.68,735.07,1.71,18.33,3.62
2025-11-20,284.7,504.25,203.54,137.37,225.02,74.76,46.84,4.11,9.58,9.95,89.85,17.54,67.44,0.31,146.94,116.01,735.0,2.07,18.36,3.62
2025-11-21,302.58,523.92,211.57,109.13,235.07,80.89,51.09,4.63,17.74,8.5,95.04,18.63,69.55,0.3,187.07,116.54,735.0,1.56,18.53,3.62
2025-11-22,295.67,506.79,225.58,129.0,232.16,82.55,52.98,4.14,17.87,8.83,92.69,17.73,68.47,0.3,148.75,115.95,735.0,1.26,18.29,3.62
2025-11-23,351.04,586.17,183.44,148.48,213.86,82.92,53.79,4.48,17.43,9.69,86.0,16.52,66.32,0.5,196.33,115.39,735.0,2.09,17.89,3.62
2025-11-24,275.78,476.33,188.39,126.02,221.06,86.18,33.89,3.82,18.02,8.11,70.76,14.12,65.89,0.73,154.98,125.69,733.42,2.1,17.69,3.62
2025-11-25,237.77,436.15,176.4,120.86,201.85,73.83,45.66,3.42,15.3,9.43,81.61,15.28,54.83,2.46,94.11,121.81,735.26,2.2,19.08,3.62
2025-11-26,215.97,415.08,98.23,104.57,138.51,59.36,45.04,4.68,14.74,6.84,63.05,11.07,61.15,1.28,135.55,115.5,735.01,2.16,17.53,3.62
2025-11-27,336.36,552.67,181.35,102.77,193.58,68.63,59.2,2.18,18.19,7.89,76.95,15.2,62.02,1.65,217.89,111.86,725.09,0.15,17.16,3.62
2025-11-28,261.18,463.05,187.11,102.03,198.42,74.67,62.03,3.23,18.11,8.39,83.83,16.53,63.53,1.3,196.75,115.43,725.0,-0.02,17.37,3.62
2025-11-29,142.25,274.75,47.4,93.71,79.34,60.66,71.73,2.16,18.17,6.03,55.06,8.41,53.62,0.42,119.19,113.79,725.0,-0.02,18.01,3.62
2025-11-30,147.29,286.0,76.32,104.31,111.34,50.34,53.69,2.81,18.45,4.79,35.31,5.9,52.42,1.05,98.78,116.51,725.0,-0.02,17.02,3.62
2025-12-01,215.26,397.38,147.28,105.9,154.53,54.97,96.39,3.67,18.44,7.02,57.36,10.38,56.05,2.05,136.2,118.96,725.0,-0.02,16.51,2.7
2025-12-02,272.92,468.46,87.93,113.28,113.83,62.33,125.29,3.14,15.07,7.01,69.16,11.01,55.59,1.73,216.56,109.64,725.02,-0.02,17.33,2.7
2025-12-03,191.42,329.7,74.93,87.54,95.67,61.72,44.67,2.96,14.16,6.2,52.63,7.13,56.08,1.2,253.56,117.97,724.54,-0.02,16.32,2.7
2025-12-04,171.46,304.42,60.44,86.15,81.57,40.83,30.86,2.98,15.47,4.82,41.77,5.89,55.35,0.39,234.53,117.66,726.01,-0.03,16.11,2.7
2025-12-05,207.79,351.17,85.13,106.29,116.37,49.84,35.38,3.44,16.99,7.16,52.1,8.92,59.31,0.3,204.71,116.97,725.71,-0.03,16.01,2.7
2025-12-06,185.58,318.96,35.33,102.57,75.12,52.5,39.4,2.91,13.86,6.49,42.42,6.69,53.98,0.31,139.19,115.86,725.03,-0.02,16.96,2.7
2025-12-07,181.32,311.38,30.64,100.36,68.65,47.84,47.98,2.43,5.66,4.72,27.56,4.6,54.83,0.3,146.41,113.43,725.78,-0.02,17.27,2.7
2025-12-08,176.21,316.04,24.58,99.3,64.86,54.44,36.59,2.48,10.78,5.72,41.69,5.59,53.65,0.3,173.44,112.73,725.52,-0.02,17.57,2.7
2025-12-09,154.16,299.84,11.64,94.43,52.53,49.78,29.77,2.49,16.05,6.17,41.23,5.98,53.49,0.31,170.06,114.86,725.0,-0.02,17.35,2.7
2025-12-10,131.92,267.71,12.59,82.44,44.91,46.75,22.85,2.4,15.96,5.59,35.26,6.47,53.04,0.3,171.23,115.12,724.96,-0.02,17.36,2.7
2025-12-11,214.78,377.58,8.17,93.02,50.67,59.71,17.12,3.59,16.19,7.64,59.58,12.02,61.65,0.32,257.12,111.77,725.09,-0.02,17.09,2.7
2025-12-12,355.21,569.52,10.17,101.63,54.93,83.28,19.08,4.73,15.92,8.89,77.18,16.72,65.74,0.3,211.66,108.42,725.08,-0.02,16.88,2.7
2025-12-13,471.62,665.61,19.49,97.08,60.75,95.16,12.81,5.08,16.58,9.74,82.94,14.16,71.91,0.37,221.26,104.53,725.2,-0.02,16.69,2.7
2025-12-14,506.5,695.0,9.19,89.05,48.82,104.79,10.29,5.63,15.08,10.28,102.9,24.71,77.26,0.33,208.83,106.63,725.61,-0.02,16.77,2.7
2025-12-15,355.71,494.92,10.53,91.14,51.83,89.49,10.98,4.27,14.88,6.99,48.34,10.2,73.85,0.31,213.85,111.08,725.6,-0.02,16.65,2.7
2025-12-16,194.12,341.08,8.38,76.74,41.6,64.38,21.08,2.23,14.15,5.27,32.52,5.71,61.31,0.32,210.16,112.18,725.58,-0.02,17.35,2.7
2025-12-17,241.29,424.96,10.14,71.55,39.18,57.15,28.32,2.46,12.33,5.73,35.69,5.12,65.95,0.31,159.8,110.28,725.59,-0.02,17.06,2.7
2025-12-18,346.08,521.08,11.36,49.57,29.86,57.47,22.6,3.0,11.2,8.62,38.84,6.38,83.4,0.37,131.11,96.12,725.74,-0.03,15.06,2.7
2025-12-19,283.62,439.0,12.55,66.21,39.68,60.95,15.72,3.45,10.1,8.92,51.92,9.61,76.36,0.31,119.86,110.51,726.0,-0.02,15.88,2.7
2025-12-20,387.4,528.33,10.3,49.95,30.73,68.77,83.6,4.1,11.26,9.0,64.21,11.24,85.74,0.65,136.48,89.21,725.83,-0.03,13.97,2.7
2025-12-21,260.88,370.71,9.11,44.24,27.11,66.53,20.67,2.35,10.88,5.75,21.85,3.13,81.38,0.44,135.17,93.6,725.67,-0.02,14.95,2.7
2025-12-22,333.46,527.75,12.5,63.78,39.12,64.71,24.5,3.23,10.04,7.08,34.26,6.62,79.58,0.35,132.9,96.1,725.54,-0.02,15.19,2.7
2025-12-23,291.48,429.29,15.74,63.64,39.86,68.45,32.9,3.28,10.31,8.25,45.99,8.85,74.09,0.31,156.35,110.13,725.58,-0.02,16.15,2.7
2025-12-24,132.21,298.83,11.78,50.94,32.09,49.09,24.63,2.19,9.27,4.1,20.16,4.77,65.61,0.36,146.18,112.46,725.49,-0.02,16.34,2.7
2025-12-25,205.96,437.67,10.38,63.15,36.01,42.86,30.95,2.8,9.88,6.17,47.41,8.84,64.82,0.31,188.36,114.53,725.58,-0.02,15.76,2.7
2025-12-26,337.71,501.03,19.79,54.8,41.32,55.34,27.46,3.39,9.18,8.14,52.8,11.18,71.35,0.31,175.82,107.87,725.5,-0.02,15.52,2.7
2025-12-27,352.83,527.88,10.34,60.58,34.37,56.96,28.84,2.64,9.54,7.73,51.21,9.35,73.07,0.32,180.74,106.29,725.49,-0.02,15.36,2.7
2025-12-28,372.12,568.67,11.16,58.75,35.28,58.09,25.14,3.85,9.69,9.25,56.72,11.63,75.76,0.31,174.48,110.34,725.57,-0.02,15.3,2.7
2025-12-29,356.29,496.08,10.51,54.95,32.06,61.01,19.5,2.89,10.62,7.57,42.35,6.49,81.67,0.34,189.39,98.41,725.38,-0.02,14.48,2.7
2025-12-30,359.94,519.79,31.81,120.56,113.96,108.49,22.81,3.26,8.37,8.54,61.14,9.99,77.22,0.31,154.82,98.27,725.44,-0.03,14.73,2.7
2025-12-31,323.62,420.46,7.25,25.11,16.87,39.39,21.84,2.85,5.0,7.48,43.05,6.01,87.4,0.3,169.0,64.03,725.77,0.59,13.32,2.7
2026-01-01,351.75,438.0,4.8,21.02,9.72,44.75,24.3,2.54,5.03,6.4,33.1,3.77,89.0,0.3,160.75,7.0,726.0,1.64,13.15,5.46
